station_code,areas,region,lat,lng,tempurature,dis_oxy,ph,conduct,bod,nit,coli,total_coli,grade,potable
1,Maharashtra,Aurangabad district,19.8911,75.1545,29.2,6.4,8.1,735,3.4,2,3,73,F,0
2,Maharashtra,Nashik district,20.0005,73.7827,24.5,6,8,270,3.1,2,72,182,F,0
3,Maharashtra,Nashik district,20.0005,73.7827,25.8,5.5,7.8,355,4.2,9,59,133,F,0
4,Maharashtra,Nashik district,20.0005,73.7827,24.8,5.5,7.8,371,5.6,3.55,90,283,F,0
5,Maharashtra,Nandurbar,21.3723,74.2426,25.7,5.7,7.9,294,3.2,2.69,45,132,F,0
6,Maharashtra,Nashik district,20.0005,73.7827,25,4.5,7.5,513,12.6,2.3,131,320,F,0
7,Maharashtra,Nashik district,20.0005,73.7827,24.8,5.2,7.7,475,10.3,1.9,122,343,E,0
8,Maharashtra,Nashik district,20.0005,73.7827,26.3,5.6,7.7,385,3.8,1,110,292,D,0
9,Maharashtra,Nashik district,20.0005,73.7827,26.5,5.2,7.8,410,5.2,1.5,77,218,E,0
10,Maharashtra,Nashik district,20.0005,73.7827,26,6.5,7.8,178,2.5,1.99,22,74,B,1
11,Maharashtra,Aurangabad district,19.8911,75.1545,29.2,6.2,7.9,749,3.5,1.75,2,80,E,0
12,Maharashtra,Aurangabad district,19.8911,75.1545,29.5,6.4,8,834,4.7,1.8,2,77,E,0
13,Maharashtra,Aurangabad district,19.8911,75.1545,30.2,6.2,8,925,4.2,6.9,2,82,F,0
14,Maharashtra,Jalna,19.83,75.88,26.7,6.5,8,730,4,2.9,2,78,F,0
15,Maharashtra,Latur district,18.4,76.58,27.2,7,7.9,637,4.7,6.5,2,80,F,0
16,Maharashtra,Thane,19.4305,72.9656,29.7,6.4,8,656,3.6,1.8,3,82,E,0
17,Maharashtra,Amravati,20.9297,77.7581,26,6.6,8.1,601,3.2,6.75,2,80,F,0
18,Andhra Pradesh,East Godavari district,17.3213,82.0407,28,5.5,8.1,826,1.7,1,27,161,B,1
19,Andhra Pradesh,East Godavari district,17.3213,82.0407,31,6.9,9,526,12,0,130,285,F,0
20,Andhra Pradesh,East Godavari district,17.3213,82.0407,30,5.7,8.5,575,13,0,240,700,F,0
21,Andhra Pradesh,East Godavari district,17.3213,82.0407,30.5,3.2,8.8,803,15,0,500,1250,F,0
22,Andhra Pradesh,East Godavari district,17.3213,82.0407,30.5,6.7,9,531,12.5,0,130,425,F,0
23,Andhra Pradesh,East Godavari district,17.3213,82.0407,29,4.4,8.5,656,13,0,300,500,F,0
24,Andhra Pradesh,East Godavari district,17.3213,82.0407,30,6.1,8.4,418,6.5,0,300,500,D,0
25,Andhra Pradesh,East Godavari district,17.3213,82.0407,29.5,6.6,8.2,421,4,0,280,700,D,0
26,Andhra Pradesh,East Godavari district,17.3213,82.0407,29.5,4.1,9.1,518,16.5,0,240,900,F,0
27,Andhra Pradesh,East Godavari district,17.3213,82.0407,20,6,8.1,443,0.3,1,2,640,C,1
28,Andhra Pradesh,East Godavari district,17.3213,82.0407,20.2,5.6,8,462,0.8,1,3,5280,D,0
29,Andhra Pradesh,East Godavari district,17.3213,82.0407,19.8,6.1,7.9,666,1.8,0.84,2,1160,C,1
30,Andhra Pradesh,East Godavari district,17.3213,82.0407,26.6,5.8,6.9,290,1.2,2.4,48,628,C,1
32,Andhra Pradesh,East Godavari district,17.3213,82.0407,26.6,6.1,7.4,480,1.3,1.98,3,432,B,1
33,Andhra Pradesh,East Godavari district,17.3213,82.0407,26.8,5.9,7,315,1.2,1.29,23,1100,C,1
44,Uttar Pradesh,Bulandshahr district,28.417,77.833,23,9,7.4,242,2.5,0.4,664,1268,C,1
45,Uttar Pradesh,Bulandshahr district,28.417,77.833,23,8,7.4,310,2.7,0.1,4000,630,C,1
46,Uttar Pradesh,Bulandshahr district,28.417,77.833,22,8.2,7.5,293,2.6,0.1,370,610,C,1
47,Uttar Pradesh,Bulandshahr district,28.417,77.833,23,7.8,7.4,320,3.1,0.1,410,630,D,0
48,Uttar Pradesh,Budaun district,28.1299,78.9288,23,7.3,7.5,277,1.4,0,400,610,C,1
49,Uttar Pradesh,Kannauj district,27.0297,79.6951,26.9,7.9,7.9,288,2.9,0.2,2200,4467,C,1
50,Uttar Pradesh,Kannauj district,27.0297,79.6951,26.9,7.3,7.9,276,3.2,0.3,2978,5078,D,0
51,Uttar Pradesh,Kanpur,26.3397,80.2929,27,7.9,8.2,290,3,0.2,2333,4256,D,0
52,Uttar Pradesh,Kanpur,26.3397,80.2929,27,7.5,8.2,307,3.4,0.2,2600,4856,D,0
53,Uttar Pradesh,Kanpur,26.3397,80.2929,27,6.3,7.7,430,5.5,0.3,15889,54333,E,0
54,Uttar Pradesh,Kanpur,26.3397,80.2929,22.1,8,7.8,213,3.7,0.8,5517,8250,D,0
55,Uttar Pradesh,Kanpur,26.3397,80.2929,22.1,8.2,7.8,209,3.6,0.8,5158,7967,D,0
56,Uttar Pradesh,Allahabad,26.0138,81.3126,24.4,8.7,8.3,385,3.6,1.7,17283,29500,E,0
57,Uttar Pradesh,Allahabad,26.0138,81.3126,24.5,8.4,8.3,382,3.9,1.8,18333,31833,E,0
58,Uttar Pradesh,Allahabad,26.0138,81.3126,24.4,8.5,8.3,404,4.2,2,19500,32417,F,0
59,Uttar Pradesh,Mirzapur,25.15,82.6,22.4,8.4,7.7,290,2.5,0.4,1567,3078,C,1
60,Uttar Pradesh,Mirzapur,25.15,82.6,23.8,8.4,7.6,299,2.6,0.5,2146,6518,D,0
61,Uttar Pradesh,Varanasi,25.282,82.9563,22.5,8.3,8.2,338,2.9,0,2617,3950,C,1
62,Uttar Pradesh,Varanasi,25.282,82.9563,22.5,7.8,8.5,385,4.5,0,31167,47333,F,0
63,Uttar Pradesh,Kannauj district,27.0514,79.9137,22.7,7.7,8.5,369,3.9,0,17500,25667,F,0
64,Uttar Pradesh,Muzaffarnagar,29.4723,77.7089,17,8.6,8,290,1.8,0,70,125,B,1
65,Bihar,Buxar,25.561,83.9807,24.5,8.4,8.1,371,2.5,0,1190,3100,C,1
66,Bihar,Buxar,25.561,83.9807,24.9,8.1,8.1,376,2.7,0,3183,9350,D,0
67,Bihar,Patna,25.611,85.144,24.5,8.1,8.1,376,2.3,0,1600,3436,C,1
68,Bihar,Rohtas district,25.0686,84.0167,22.3,8.2,8.1,270,2.2,0,660,2033,C,1
69,Bihar,Saran district,25.856,84.8568,23.8,8.3,8.2,311,2.5,0,1483,3967,C,1
70,Bihar,Patna,25.611,85.144,24.7,7.8,7.9,402,2.8,0,6527,19091,D,0
71,Bihar,Patna,25.611,85.144,24.9,7.9,8,402,2.7,0,3782,11564,D,0
72,Bihar,Patna,25.611,85.144,24.7,7.3,7.7,452,2.5,0,1382,4573,C,1
73,Bihar,Patna,25.611,85.144,24.4,8.1,8,386,2.3,0,1846,4982,C,1
74,Bihar,Patna,25.611,85.144,24.1,7.8,7.9,277,2.3,0,1251,2770,C,1
75,Bihar,Patna,25.611,85.144,24,7.7,7.8,295,2.6,0,2792,9430,D,0
76,Bihar,Munger,25.3868,86.4659,23.9,7.6,7.8,268,2.4,0,1622,4411,C,1
77,Bihar,Bhagalpur,25.2413,86.9901,24,7.7,7.8,280,2.5,0,1560,3722,C,1
78,Bihar,Bhagalpur,25.2413,86.9901,24.4,7.7,7.8,276,2.6,0,2933,9044,D,0
79,Bihar,Bhagalpur,25.2413,86.9901,23.4,7.8,7.9,265,2.7,0,2678,8511,D,0
80,Bihar,Buxar,25.561,83.9807,24.5,8.2,8.1,352,2.5,0,1705,4683,C,1
81,Bihar,Buxar,25.561,83.9807,24.1,8.1,8.1,375,2.4,0,1198,2855,C,1
82,Bihar,Barh,25.48,85.72,23.4,7.8,7.9,260,2.2,0,1106,2529,C,1
83,Bihar,Munger,25.3868,86.4659,23.8,7.8,7.9,267,2.3,0,998,2478,C,1
84,Bihar,Munger,25.3868,86.4659,23.9,7.8,7.9,270,2.3,0,1220,2844,C,1
85,Bihar,Bhagalpur,25.2413,86.9901,23.9,7.7,7.9,262,2.4,0,1290,3020,C,1
86,Bihar,Patna,25.611,85.144,24.5,8,8,377,2.4,0,1846,5073,D,0
87,Bihar,Patna,25.611,85.144,22.5,7.7,7.9,292,2.3,0,1048,2833,C,1
88,West Bengal,Murshidabad,24.1733,88.2777,26.5,7.4,7.9,304,4.2,0.8,166358,287833,F,0
89,West Bengal,Nadia district,23.471,88.5565,27.4,7.4,7.9,353,3.3,0.7,143275,474917,F,0
90,West Bengal,Hooghly district,22.8956,88.4025,28.3,6.9,8,312,2.8,0.8,34392,61283,F,0
91,West Bengal,North 24 Parganas district,22.13,88.5,27,6.7,7.8,315,3.4,0.9,106417,171417,F,0
92,West Bengal,Hooghly district,22.8956,88.4025,27.3,6,7.9,323,3.1,0.7,153917,335000,F,0
93,West Bengal,North 24 Parganas district,22.13,88.5,26.5,6.7,8,319,4.2,0.7,285833,586250,F,0
94,West Bengal,Howrah district,22.5892,88.3103,26.5,6.3,8,314,3.6,0.7,122417,286083,F,0
95,West Bengal,Howrah district,22.5892,88.3103,26.4,6.1,8.1,322,3.2,0.7,310417,542917,F,0
96,West Bengal,Howrah district,22.5892,88.3103,27.1,6.3,8.1,368,3.4,0.6,31417,78083,F,0
97,West Bengal,Howrah district,22.5892,88.3103,26.4,6.9,8,1900,3.7,0.8,41750,88917,F,0
98,Assam,Dibrugarh,27.48,95,22.3,7.2,7.1,216,1.5,1.4,146,5525,E,0
99,Assam,Dibrugarh,27.48,95,21.8,7.7,7.2,256,1.4,1.5,2128,45100,E,0
100,Assam,Jorhat,26.7749,94.1814,25.1,6.9,7,273,1.5,2.5,585,26322,F,0
101,Assam,Jorhat,26.7749,94.1814,24.3,7.5,7,298,1.3,1.7,12418,93005,F,0
102,Assam,Kamrup district,26.3161,91.5984,25.4,7.9,7.2,236,1.4,2.3,5449,134042,F,0
103,Assam,Kamrup district,26.3161,91.5984,27.7,6,7.3,295,1.1,1.9,444,8382,E,0
104,Assam,Kamrup district,26.3161,91.5984,27,8.1,7.6,210,0.9,1.2,3388,123400,F,0
105,Assam,Kamrup district,26.3161,91.5984,25.8,7.3,7.1,168,1.6,0.4,1653,61303,F,0
106,Assam,Kamrup district,26.3161,91.5984,27.3,7.1,7.2,289,1.6,1.4,1208,8725,E,0
107,Assam,Dhubri,26.1221,90.0919,28.2,5.1,7,253,1.5,1.4,2990,180228,F,0
108,Maharashtra,Amravati,20.9297,77.7581,23.1,6.8,8.1,160,3.1,2.9,15,387,F,0
110,Maharashtra,Amravati,20.9297,77.7581,23.8,6,8.2,262,5.1,1.8,149,1357,E,0
111,Maharashtra,Sangli district,17.1707,74.6869,25,6.7,7.6,441,2.9,1.5,2,80,B,1
113,Maharashtra,Kolhapur district,16.5764,74.124,24,7,7.5,400,2.8,1.2,4,110,B,1
114,Maharashtra,Thane,19.4305,72.9656,20.8,6.1,8.4,551,5.6,2.3,183,1377,F,0
115,Maharashtra,Thane,19.4305,72.9656,22,6.2,8.3,458,4.6,2.3,191,1481,F,0
116,Maharashtra,Raigad Fort,18.235,73.4478,22.7,6.1,8.2,413,5.5,1.8,171,1257,E,0
117,Karnataka,Belgaum,15.8528,74.5111,29,7.5,8,685,2.1,2.3,780,1390,C,1
118,Karnataka,Belgaum,15.8528,74.5111,28,7.5,8,808,1.8,2.1,890,1460,C,1
119,Karnataka,Belgaum,15.8528,74.5111,29.3,5.9,8.3,521,1.5,0.4,518,1110,C,1
120,Karnataka,Belgaum,15.8528,74.5111,29.4,7.2,8.3,916,1.9,0.2,792,1483,C,1
121,Karnataka,Belgaum,15.8528,74.5111,29.5,7.1,8.2,718,1.9,0.2,538,1100,C,1
122,Karnataka,Belgaum,15.8528,74.5111,29.2,6.2,8.3,513,1.4,0.5,678,1250,C,1
124,Andhra Pradesh,East Godavari district,17.3213,82.0407,26,6.7,8.1,791,2.6,2,28,611,C,1
126,Andhra Pradesh,Krishna district,16.61,80.7214,28.4,5.7,8.7,1072,1.6,1.2,11,122,C,1
127,Andhra Pradesh,Guntur district,16.3067,80.4365,24.9,6.8,7.9,726,0.9,0.6,2,1875,C,1
128,Andhra Pradesh,Guntur district,16.3067,80.4365,27.6,7,7.8,669,0.6,0.4,2,1613,C,1
129,Andhra Pradesh,Krishna district,16.61,80.7214,25.8,7.2,8,669,0.7,0.7,2,1750,C,1
130,Andhra Pradesh,Krishna district,16.61,80.7214,28.4,6.8,8.2,818,2.9,2,36,860,C,1
131,Andhra Pradesh,Guntur district,16.3067,80.4365,26,5.5,7.6,14804,0.7,0.7,2,1450,C,1
134,Himachal Pradesh,Una district,31.5602,76.2247,22.3,7.7,7.5,465,1.2,0.2,9,19,A,1
135,Himachal Pradesh,Una district,31.5602,76.2247,23.7,7.5,7.8,331,1.5,0.2,11,21,A,1
139,Uttar Pradesh,Mathura,27.4763,77.6935,25,4,7.7,196,8.3,0,43546,73727,F,0
140,Uttar Pradesh,Mathura,27.4763,77.6935,25,3.7,7.5,273,9.2,0,53546,117273,F,0
141,Uttar Pradesh,Mathura,27.4763,77.6935,25.3,4.5,7.5,281,7,0,34818,65000,F,0
142,Uttar Pradesh,Mathura,27.4763,77.6935,24.8,8.1,8.2,522,2.4,1.8,2875,5975,E,0
144,Karnataka,"Hassan, Karnataka",13.012,76.068,27.4,5.4,7.7,394,1,0.1,913,3600,C,1
145,Karnataka,"Hassan, Karnataka",13.012,76.068,27.7,5.8,7.7,298,1,0.1,1073,3533,C,1
147,Karnataka,Ramanagara,12.7201,77.2834,26.7,6.3,8.2,573,2.9,0.6,716,2950,C,1
148,Karnataka,Ramanagara,12.7201,77.2834,27,6.9,7.3,1560,7.3,9.1,56,788,F,0
149,Karnataka,Ramanagara,12.7201,77.2834,29.4,6.6,7.7,1049,4.3,1.3,46,1012,E,0
150,Karnataka,Mysore,12.3,76.65,26.1,4.4,7.8,467,3.8,0.5,1099,4550,D,0
151,Karnataka,Mysore,12.3,76.65,26.2,5.7,7.9,370,2.2,0.4,430,1744,C,1
152,Kerala,Kollam,8.88,76.6,26.9,6.7,7.7,78,0.4,0.8,58,96,B,1
153,Karnataka,Mysore,12.3,76.65,25.3,7.2,7.5,219,1.1,0.3,353,1478,C,1
154,Karnataka,Mysore,12.3,76.65,25.8,7.2,7.9,299,1.4,0.3,310,1357,C,1
155,Karnataka,Mysore,12.3,76.65,25.7,7.2,7.9,266,1.3,0.3,308,1345,C,1
156,Karnataka,Mysore,12.3,76.65,25.7,5.5,7.7,282,2.3,0.3,647,2717,C,1
157,Kerala,Palakkad,10.7925,76.5553,24.7,7.4,7.7,138,0.7,0.2,197,408,B,1
158,Tamil Nadu,Thoothukudi,8.81,78.14,24.4,8.1,7.7,108,0.7,0.3,11667,37848,D,0
159,Tamil Nadu,Coimbatore,11.0183,76.9725,24.6,7.5,7.7,207,1.1,0.3,6613,20942,D,0
160,Tamil Nadu,Erode,11.3348,77.7273,26.8,7.2,7.9,161,1.9,0.2,15109,32509,D,0
161,Tamil Nadu,Erode,11.3348,77.7273,27.3,6.3,8.1,555,1.5,0.4,15578,35738,D,0
162,Tamil Nadu,Erode,11.3348,77.7273,27.4,7.2,7.9,304,1.8,0.3,18158,42583,D,0
163,Tamil Nadu,Erode,11.3348,77.7273,26.8,5.9,8.1,442,0.9,0.2,12432,24552,D,0
164,Tamil Nadu,Erode,11.3348,77.7273,27.2,6.4,8.1,481,0.9,0.2,22473,44153,D,0
165,Himachal Pradesh,Una district,31.5602,76.2247,13.2,8.9,7.1,133,0.3,0.3,5,9,A,1
166,Himachal Pradesh,Solan district,30.9084,77.0999,17.2,7.9,7.5,295,0.6,1.5,6,22,A,1
167,Himachal Pradesh,Sirmaur district,30.5628,77.4702,23.3,7.7,7.7,302,1.1,0.3,11,20,A,1
168,Himachal Pradesh,Una district,31.5602,76.2247,23.9,7.5,7.7,348,1.4,0.3,9,20,A,1
169,Himachal Pradesh,Solan district,30.9084,77.0999,17.4,7.9,7.3,242,0.7,1.5,5,17,A,1
170,Himachal Pradesh,Solan district,30.9084,77.0999,21.9,8.1,7.6,508,1.1,0.4,8,17,A,1
171,Himachal Pradesh,Solan district,30.9084,77.0999,22.8,7.9,7.6,467,1.4,0.3,8,17,A,1
172,Himachal Pradesh,Shimla,31.0874,77.1794,10.5,9.3,6.9,82,0.2,0.3,4,8,A,1
173,Himachal Pradesh,Shimla,31.0874,77.1794,11.2,9.3,6.9,86,0.3,0.4,2,8,A,1
174,Himachal Pradesh,Shimla,31.0874,77.1794,12.6,9,7,163,0.3,0.3,3,9,A,1
176,Uttar Pradesh,Ghaziabad district,28.6692,77.4538,24.3,1.1,7.4,1499,75.6,0.6,174167,250000,F,0
177,Uttar Pradesh,Ghaziabad district,28.6692,77.4538,20.1,0.8,7.4,586,24,0,5692,8150,E,0
178,Madhya Pradesh,Jabalpur,23.1657,79.9324,26.8,6.4,7.6,576,2.8,2,20,211,B,1
181,Uttar Pradesh,"Hamirpur district, Himachal Pradesh",25.954,80.1526,27.5,6.7,8.5,218,3,0,3150,13310,F,0
182,Uttar Pradesh,Hamirpur district,25.954,80.1526,24,7.1,8.1,386,3.2,0,3580,15300,D,0
185,Rajasthan,Kota,25.18,75.83,26.2,5.6,7.8,317,0.8,0.6,4,5,B,1
187,Rajasthan,Kota,25.18,75.83,27.8,6,7.9,301,0.8,0.4,4,5,A,1
188,Rajasthan,Kota,25.18,75.83,26.6,5.9,8.4,546,2,0.6,13,642,C,1
189,Rajasthan,Kota,25.18,75.83,24.7,5.3,8.2,608,1.3,0.7,4,14,B,1
193,Rajasthan,Kota,25.18,75.83,25.8,5.2,8.2,556,1,0.6,4,10,B,1
195,Madhya Pradesh,Indore,22.7187,75.8557,28,0,7.3,1507,40,45.5,41,1600,F,0
199,Rajasthan,Kota,25.18,75.83,25.6,5.4,8,489,0.9,0.6,4,7,B,1
200,Rajasthan,Kota,25.18,75.83,26.1,5.2,8.3,587,0.9,0.5,4,6,B,1
202,Madhya Pradesh,Indore,22.7187,75.8557,26.3,5.4,7.6,607,5.2,3.3,48,633,F,0
206,Rajasthan,Sirohi,24.8848,72.8535,23.9,6.2,7.7,404,1.2,0.5,4,6,A,1
208,Rajasthan,Jaipur,26.921,75.7944,23.2,2.4,8.2,1596,7.3,0.9,13,883,E,0
210,Rajasthan,Jhalawar,24.6,76.15,25.9,5.6,8,265,0.9,0.5,4,6,B,1
211,West Bengal,Darjeeling,27.05,88.2667,20.8,7.5,7.4,86,2,0.5,2833,6700,D,0
212,Assam,Tinsukia district,27.4886,95.3558,24.8,6.5,7.3,195,1.7,0.8,1258,1530,C,1
213,Assam,Sivasagar,26.9021,94.6661,25.7,7.1,7.1,287,1.3,1.4,423,2320,C,1
214,Assam,Lakhimpur district,27.2064,94.1514,24.3,8.1,6.7,58,1.3,0.4,318,4598,C,1
215,Assam,Lakhimpur district,27.2064,94.1514,24,7.7,6.6,177,1.3,1.6,875,29558,E,0
216,Assam,Dhubri,26.1221,90.0919,25,7.7,6.9,157,1.2,1.3,465,11818,E,0
217,Assam,Nagaon,26.3622,92.7537,25.5,7.3,6.5,138,1.7,0.6,175,615,C,1
218,Assam,Nagaon,26.3622,92.7537,26.9,5.8,7.1,220,1.3,1.6,228,1133,C,1
219,Assam,Dhubri,26.1221,90.0919,29,5.3,6.8,132,2.3,0.8,1280,62780,F,0
220,Assam,Cachar,24.7821,92.8577,17.5,6.2,6.8,138,1.6,1.3,1255,2975,C,1
221,Assam,Sonitpur district,26.63,92.8,15.1,6.3,6.8,136,1,1.4,6048,31975,E,0
222,Assam,Karimganj,24.8602,92.3731,13.3,4.9,6.8,177,1.7,1.8,638,6740,E,0
223,West Bengal,Jalpaiguri district,26.5215,88.7196,27.3,6.7,7.4,166,3,0.3,169867,344500,F,0
224,West Bengal,Alipurduar,26.4922,89.5331,28.8,7.6,7.6,141,2.4,0.3,4708,15667,D,0
225,Assam,Karimganj,24.8602,92.3731,23,7.7,7,355,0.8,1.4,1530,5628,E,0
233,Uttar Pradesh,Kannauj district,27.0514,79.9137,26.9,6.9,8,391,4.1,0.3,2800,5256,D,0
235,Uttar Pradesh,Kannauj district,27.0514,79.9137,26.9,6.2,7.9,316,5.1,0.3,2956,5056,D,0
236,Uttar Pradesh,Varanasi,25.282,82.9563,22.9,8,8,305,2.6,0,4942,5758,D,0
237,Uttar Pradesh,Varanasi,25.282,82.9563,23.3,3.3,8.4,508,36.5,0,137417,224167,F,0
238,Uttar Pradesh,Unnao district,26.5393,80.4878,26.8,7.3,13.2,237,3.7,0.1,2164,4427,F,0
239,Uttar Pradesh,Jaunpur,25.7549,82.6871,23,7.8,8.2,298,2.9,0,6300,10192,D,0
240,Uttar Pradesh,Sitapur district,27.568,80.679,25.8,8.7,8.1,392,2.7,1.3,631,1879,C,1
241,Uttar Pradesh,Lucknow,26.847,80.947,25.9,8,8,454,3.3,1.6,2120,3900,E,0
242,Uttar Pradesh,Lucknow,26.847,80.947,25,2.6,7.6,568,9.5,4,82800,118300,F,0
243,Uttar Pradesh,Jaunpur,25.7549,82.6871,22.7,7.7,8.2,323,3.3,0,11083,16333,D,0
244,Uttar Pradesh,Varanasi,25.282,82.9563,22.9,7.8,8.1,306,3,0,6917,11283,D,0
245,Uttar Pradesh,Lalitpur District,24.6902,78.416,20.8,7.5,8,478,3.4,0.4,593,1175,D,0
246,Uttar Pradesh,Lalitpur District,24.6902,78.416,21,7.1,8.1,438,2.8,0.3,232,494,B,1
247,Uttar Pradesh,Lalitpur District,24.6902,78.416,20.3,9.2,7.7,187,2.7,0.7,4525,7258,D,0
248,Uttar Pradesh,Deoria district,26.5024,83.7791,23,7.7,8.1,488,2.9,0.3,203,455,B,1
249,Uttar Pradesh,Deoria district,26.5024,83.7791,21.6,7.5,8.1,529,3.4,0.4,583,1177,D,0
250,Bihar,Barh,25.48,85.72,23.2,8.6,8.2,260,2.2,0,1115,2433,C,1
251,Uttar Pradesh,Gorakhpur,26.7588,83.3697,24.5,7.6,8.1,286,2.4,0.6,1287,2367,C,1
252,Uttar Pradesh,Gorakhpur,26.7588,83.3697,24.5,7.9,8.1,281,2.3,0.6,1525,2633,C,1
253,Bihar,Bhojpur district,25.4662,84.5222,22.6,8.1,8.1,232,1.9,0,697,1533,C,1
254,Bihar,Bhojpur district,25.4662,84.5222,19,8.2,7.6,250,2.1,0,710,1567,C,1
255,Bihar,Bhojpur district,25.4662,84.5222,23,8.3,8,252,2.2,0,483,1580,C,1
256,Bihar,Bhojpur district,25.4662,84.5222,23.2,7.7,7.8,298,2.2,0,848,2167,C,1
257,Bihar,Patna,25.611,85.144,22.3,8.6,8.1,238,2,0,581,1557,C,1
258,Bihar,Muzaffarpur,26.1409,85.3575,23,8.4,8.1,247,1.8,0,527,1305,C,1
259,Bihar,Muzaffarpur,26.1409,85.3575,23.2,7.9,8,302,2.1,0,897,2317,C,1
260,Bihar,Muzaffarpur,26.1409,85.3575,23.1,16.3,8.1,269,2,0,769,1655,C,1
261,Bihar,Muzaffarpur,26.1409,85.3575,23.8,8,7.4,346,2,0,532,1180,C,1
262,Bihar,Champaran,26.8437,84.6826,22.4,6.5,7.5,319,3.5,0,1900,5025,D,0
263,Bihar,Champaran,26.8437,84.6826,23.3,4.2,7.3,418,7.1,0,2460,7640,D,0
264,Bihar,Champaran,26.8437,84.6826,25.6,4.3,7.1,450,30,0,1690,6333,D,0
265,Bihar,Muzaffarpur,26.1409,85.3575,23.3,8,8,290,2.4,0,1350,3250,C,1
266,Bihar,Patna,25.611,85.144,24.1,4.4,7.2,370,4.7,0,1700,4450,D,0
267,Bihar,Patna,25.611,85.144,22.1,8.1,8.1,228,1.8,0,721,1257,C,1
268,Bihar,Madhubani village,26.9913,84.1127,18.5,8.6,8.1,338,2.1,0,500,950,C,1
269,Bihar,Darbhanga,26.1488,85.9033,23,7.9,7.8,319,2.2,0,740,1840,C,1
270,Bihar,Darbhanga,26.1488,85.9033,18,8.8,8.2,340,2,0,500,900,C,1
271,Bihar,Sitamarhi,26.5619,85.5226,22.3,5.6,7.4,330,3.5,0,2000,5560,D,0
272,Bihar,Katihar,25.53,87.58,24.8,7,7.4,184,2,0,670,1989,C,1
273,Bihar,Madhepura,25.822,86.8977,23.5,7.1,7.6,211,2,0,900,2175,C,1
274,Bihar,Madhepura,25.822,86.8977,24.2,7.1,7.4,215,2.1,0,738,1880,C,1
275,Bihar,Siwan,26.1603,84.4148,23.7,7.8,7.8,326,2.4,0,1500,2983,C,1
276,Bihar,Siwan,26.1603,84.4148,20.9,5.4,7.5,404,3.3,0,1900,5883,D,0
277,Bihar,Siwan,26.1603,84.4148,23.7,7.7,7.8,333,2.3,0,1200,2650,C,1
278,Bihar,Madhubani village,26.9913,84.1127,25.2,4.5,7.2,289,5.3,0,1182,3033,D,0
279,Bihar,Madhubani village,26.9913,84.1127,18.5,7.3,7.8,288,2.8,0,1400,4000,C,1
280,Bihar,Madhubani village,26.9913,84.1127,23.3,7,7.4,251,2.5,0,1343,3157,C,1
281,Bihar,Darbhanga,26.1488,85.9033,25.6,2.1,6.9,461,8.6,0,3867,14367,E,0
282,Bihar,Darbhanga,26.1488,85.9033,23.5,7.2,7.6,299,2.2,0,1045,2750,C,1
283,Bihar,Darbhanga,26.1488,85.9033,27.8,2.1,7.2,457,11,0,5000,16000,E,0
284,Bihar,Muzaffarpur,26.1409,85.3575,24.5,8,7.9,276,1.7,0,743,2333,C,1
285,Bihar,Darbhanga,26.1488,85.9033,22.6,8.4,7.9,306,2,0,596,1400,C,1
287,Bihar,Patna,25.611,85.144,22.3,7.9,7.8,300,2.2,0,827,2467,C,1
288,Bihar,Patna,25.611,85.144,21,8,7.9,289,2.1,0,600,1650,C,1
289,Bihar,Patna,25.611,85.144,27.8,2.1,7.3,432,9.7,0,2850,12550,E,0
290,Punjab,Mansa district,29.9833,75.3833,22.7,5.8,7.2,640,6,4.3,1450,4073,F,0
291,Punjab,Mansa district,29.9833,75.3833,19,4.8,7.6,1090,22,3.6,30500,52500,F,0
292,Punjab,Mohali district,30.69,76.72,23,5.5,7.3,705,10,5,2020,5433,F,0
293,Punjab,Mansa district,29.9833,75.3833,24,5.1,7.4,1375,23.7,5.9,27333,50333,F,0
294,Punjab,Mohali district,30.69,76.72,24.7,5.5,7.4,745,10,6.1,12167,29333,F,0
295,Punjab,Ludhiana,30.9008,75.7721,25,5,7.6,975,16.3,6.1,11167,21667,F,0
296,Punjab,Ludhiana,30.9008,75.7721,22,4.9,7.7,1385,27.5,7.7,42500,72000,F,0
297,Punjab,Mansa district,29.9833,75.3833,24.3,5,7.3,1067,19.3,6.2,21467,39533,F,0
298,Punjab,Mansa district,29.9833,75.3833,23.3,5.3,7.2,970,13.3,5.9,3167,7133,F,0
299,Punjab,Sangrur,30.2506,75.8442,19.5,4.9,7.7,1418,21,4.2,28000,49500,F,0
300,Punjab,Mansa district,29.9833,75.3833,21.5,4.1,7.5,1015,23,6.1,35000,57500,F,0
301,Punjab,Mansa district,29.9833,75.3833,20,4.8,7.4,854,17,4.7,20500,38000,F,0
302,Rajasthan,Jhalawar,24.6,76.15,32.6,4,6.8,370,3,0.8,4,9,D,0
303,Himachal Pradesh,Sirmaur district,30.5628,77.4702,23.6,7.8,7.8,376,1.3,0.4,9,17,A,1
304,Himachal Pradesh,Sirmaur district,30.5628,77.4702,23.9,7.7,7.7,354,1.3,0.3,12,22,A,1
305,Himachal Pradesh,Sirmaur district,30.5628,77.4702,24.5,7.6,7.9,344,1.6,0.4,12,22,A,1
306,Himachal Pradesh,Solan district,30.9084,77.0999,18.1,4.4,7.1,694,41,1.2,92,224,E,0
307,Rajasthan,Sirohi,24.8848,72.8535,25.1,5.9,8,401,0.9,0.7,4,15,B,1
308,Rajasthan,Sirohi,24.8848,72.8535,22.3,6,7.2,106,0.8,0.4,4,15,A,1
309,Rajasthan,Pali,25.7898,73.3278,23.7,5.6,7.9,326,1.1,0.8,4,4,B,1
310,Rajasthan,Udaipur,24.58,73.68,23.9,6.2,8.1,592,1,0.7,4,6,A,1
311,Maharashtra,Raigad Fort,18.235,73.4478,25.1,6.6,7.8,95,4.9,0.2,16,36,D,0
312,Maharashtra,Raigad Fort,18.235,73.4478,29.6,6.9,7.9,99,5,0.4,15,34,D,0
313,Maharashtra,Thane,19.4305,72.9656,27.4,6.8,7.7,85,5.2,0.3,11,23,D,0
314,Maharashtra,Thane,19.4305,72.9656,27.8,6.7,7.8,80,4.9,0.3,12,29,D,0
315,Maharashtra,Ratnagiri,16.98,73.3,30.6,5.1,7.3,3937,10.3,1.8,31,83,F,0
316,Maharashtra,Dhule district,21.0577,74.6869,25,5.6,7.9,468,3.6,1.9,66,164,E,0
317,Maharashtra,Raigad Fort,18.235,73.4478,25,6.4,7.6,541,5.7,0.6,23,45,D,0
318,Maharashtra,Ratnagiri,16.98,73.3,25,5.5,7.4,6166,7.7,1.1,44,67,D,0
319,Maharashtra,Raigad Fort,18.235,73.4478,25.3,5.3,7.7,24062,9.9,1.2,156,304,F,0
320,Maharashtra,Raigad Fort,18.235,73.4478,25.1,6.7,7.6,83,4.8,0.2,28,76,D,0
321,Maharashtra,Raigad Fort,18.235,73.4478,26.1,3.6,7.4,4424,31.3,2.2,276,474,F,0
323,Maharashtra,Raigad Fort,18.235,73.4478,27.4,5.9,7.4,268,6.4,0.4,37,68,D,0
324,Maharashtra,Raigad Fort,18.235,73.4478,27.1,5.4,7.5,2413,7.4,1.5,59,116,F,0
325,Maharashtra,Raigad Fort,18.235,73.4478,27.2,5.8,7.3,384,5.4,0.6,37,78,D,0
326,Maharashtra,Raigad Fort,18.235,73.4478,27.3,5.9,7.4,269,5.1,1.2,34,60,E,0
327,Maharashtra,Raigad Fort,18.235,73.4478,27,6,7.3,269,8.5,0.4,32,58,D,0
328,Maharashtra,Raigad Fort,18.235,73.4478,27.2,6.1,7.3,196,6.1,0.5,30,63,D,0
329,Maharashtra,Raigad Fort,18.235,73.4478,27,5.9,7.4,269,6.4,0.4,19,47,D,0
330,Maharashtra,Thane,19.4305,72.9656,22.6,6.3,7.8,223,4.6,0.9,15,32,D,0
336,Maharashtra,Thane,19.4305,72.9656,27.1,6.8,7.9,5390,4.9,0.8,15,28,D,0
337,Maharashtra,Thane,19.4305,72.9656,27.6,6.6,8.1,161,4.6,0.3,16,32,D,0
338,Maharashtra,Thane,19.4305,72.9656,27.3,6.7,8,138,5,0.3,14,33,D,0
339,Maharashtra,Thane,19.4305,72.9656,27.8,6.7,7.8,81,4.9,0.3,14,35,D,0
340,Maharashtra,Thane,19.4305,72.9656,28,5.9,7.7,194,5.5,0.6,22,51,D,0
341,Maharashtra,Thane,19.4305,72.9656,28.1,6.3,7.6,186,4.6,0.6,13,31,D,0
342,Maharashtra,Thane,19.4305,72.9656,28.6,6.6,7.6,207,4.7,0.7,12,31,D,0
343,Maharashtra,Thane,19.4305,72.9656,26.9,6.8,7.7,85,5,0.4,15,34,D,0
351,Maharashtra,Pune district,18.6833,74.03,26.3,3.7,7.9,453,7.5,2.2,202,1468,F,0
352,Maharashtra,Pune district,18.6833,74.03,24.4,5.8,8.1,523,5.7,2.1,164,1529,F,0
353,Maharashtra,Pune district,18.6833,74.03,28.5,5.9,7.9,524,11.1,3,52,609,F,0
354,Maharashtra,Pune district,18.6833,74.03,27.1,3.3,7.7,424,13.7,3.1,386,1800,F,0
355,Maharashtra,Pune district,18.6833,74.03,27.3,5.3,8,720,7.2,2.9,209,1700,F,0
356,Maharashtra,Pune district,18.6833,74.03,27.5,5.4,8,755,7.2,3.2,187,1675,F,0
357,Maharashtra,Pune district,18.6833,74.03,29.5,6.4,8.2,991,5.3,2,251,1425,F,0
358,Maharashtra,Pune district,18.6833,74.03,29.1,6.2,8.2,1010,5.1,2.3,164,1529,F,0
359,Karnataka,Gulbarga district,17.342,76.8375,27.3,6.8,8.4,949,3.8,0.3,1483,1600,D,0
360,Karnataka,Gulbarga district,17.342,76.8375,28.5,6.7,14.7,917,3,0.2,992,1542,F,0
361,Karnataka,Gulbarga district,17.342,76.8375,29.6,7.6,8.1,834,2.1,0.2,1183,1600,C,1
362,Karnataka,Gulbarga district,17.342,76.8375,29.2,6.4,8.4,874,3,0.3,1033,1483,D,0
363,Goa,North Goa,15.5163,73.983,29.8,5.7,7.2,189,2,0.2,4953,8391,D,0
364,Goa,North Goa,15.5163,73.983,29.5,6.3,6.9,179,1.7,0.1,3243,5330,D,0
365,Goa,North Goa,15.5163,73.983,29.7,5.8,6.9,64,3.8,0.5,5382,8443,D,0
366,Goa,North Goa,15.5163,73.983,29.5,5.8,7.3,83,1.9,0.4,3428,5500,D,0
367,Goa,North Goa,15.5163,73.983,30,5.5,7.4,81,1.5,0.1,2853,4049,C,1
368,Goa,North Goa,15.5163,73.983,29.2,6.1,6.7,308,1.4,0.3,3355,5672,D,0
369,Goa,North Goa,15.5163,73.983,29.6,6.4,6.7,414,1,0.2,6073,9423,D,0
370,Goa,North Goa,15.5163,73.983,30,6.4,7.6,305,2.2,0.1,3478,4990,C,1
371,Goa,North Goa,15.5163,73.983,30.1,6.3,7.6,77,2.3,0.1,2606,4301,C,1
372,Goa,North Goa,15.5163,73.983,27.8,7.1,7.1,176,1.2,0.1,4573,7817,D,0
373,Goa,North Goa,15.5163,73.983,27.9,6.7,6.4,93,1.4,0.1,2147,3433,C,1
374,Goa,North Goa,15.5163,73.983,29.3,7.4,6.8,121,1.7,0.4,11633,18125,D,0
375,Goa,North Goa,15.5163,73.983,29.2,6.9,7,620,1.1,0.1,3500,6300,D,0
376,Goa,North Goa,15.5163,73.983,30,6,7.5,72,1.6,0.2,4995,9517,D,0
377,Goa,North Goa,15.5163,73.983,29,7.3,7,247,1.5,0.2,1095,2453,C,1
378,Goa,North Goa,15.5163,73.983,29.1,7.3,7,188,1,0.1,1286,3048,C,1
379,Goa,North Goa,15.5163,73.983,28.7,7,6.9,224,1.2,0.3,3896,6742,D,0
380,Goa,North Goa,15.5163,73.983,28.7,7.3,6.7,144,1.5,0.1,1940,3052,C,1
381,Goa,North Goa,15.5163,73.983,29.5,5.3,6.8,319,1.8,0.3,6458,10250,D,0
382,Goa,North Goa,15.5163,73.983,29,6.3,6.4,79,1.6,1.4,7592,12842,E,0
383,Goa,North Goa,15.5163,73.983,29.4,5.4,7.6,39,1.4,0.1,3176,6367,D,0
384,Goa,North Goa,15.5163,73.983,28.3,2.2,6.5,322,4.7,1.2,11210,14920,E,0
385,Goa,North Goa,15.5163,73.983,30.1,5.2,7.1,192,2.6,0.3,5073,8925,D,0
386,Goa,North Goa,15.5163,73.983,30.3,5.6,7.5,282,1.8,0.1,3205,5082,D,0
639,Kerala,Thiruvananthapuram,8.4875,76.9525,28.5,6.6,7,70,1.4,0.1,550,822,C,1
387,Goa,North Goa,15.5163,73.983,30.5,5.5,7.4,275,1.5,0.1,4698,8625,D,0
388,Goa,North Goa,15.5163,73.983,29.1,7.3,6.7,55,1.4,0.1,2638,4003,C,1
389,Goa,North Goa,15.5163,73.983,30.1,6.5,7.5,415,2,0.1,864,1538,C,1
390,Goa,North Goa,15.5163,73.983,29.2,7.2,6.3,100,1.5,0.1,7942,13575,E,0
393,Maharashtra,Latur district,18.4,76.58,26.3,6.6,7.9,1610,4.7,0.4,2,107,D,0
394,Andhra Pradesh,Visakhapatnam,17.7085,83.2438,29.1,5.8,8.2,498,1.3,2,13,102,B,1
395,Andhra Pradesh,Visakhapatnam,17.7085,83.2438,29.6,5.2,8.2,555,1.6,2.9,19,158,B,1
396,Andhra Pradesh,Visakhapatnam,17.7085,83.2438,28.5,6.3,8.4,451,0.8,0.9,9,90,B,1
397,Andhra Pradesh,Guntur district,16.3067,80.4365,28.3,6.6,8.4,427,1,1,9,82,B,1
398,Karnataka,Bidar,17.9135,77.5197,27.9,7,7.8,543,2.3,1.3,786,1400,C,1
401,Maharashtra,Chandrapur district,20.2095,79.5603,26.1,5.1,8.1,369,11.3,1.1,140,220,D,0
402,Maharashtra,Chandrapur district,20.2095,79.5603,24.9,6,8.2,403,8.9,1,90,130,D,0
403,Maharashtra,Chandrapur district,20.2095,79.5603,23.9,6.2,8.2,458,8.9,2.2,110,140,F,0
404,Maharashtra,Chandrapur district,20.2095,79.5603,23.4,5.1,8.2,577,10.7,2.3,110,140,F,0
405,Maharashtra,Chandrapur district,20.2095,79.5603,24.4,5.4,8.1,678,10.6,2.7,50,80,F,0
406,Maharashtra,Chandrapur district,20.2095,79.5603,23.7,5.7,8.2,498,8.9,2.1,40,70,F,0
407,Madhya Pradesh,Jabalpur,23.1657,79.9324,22.7,7.4,7.4,450,2.2,0.4,39,67,B,1
408,Madhya Pradesh,Indore,22.7187,75.8557,21.4,7.3,8,386,2.3,1,15,95,B,1
409,Madhya Pradesh,Jabalpur,23.1657,79.9324,23,7.7,8.1,292,1.5,4.8,0,36,A,1
410,Maharashtra,Chandrapur district,20.2095,79.5603,33.3,4.8,8.3,482,10.8,6,170,277,F,0
411,Maharashtra,Chandrapur district,20.2095,79.5603,28.1,5.9,8.1,341,9.1,1.2,82,132,E,0
412,Maharashtra,Chandrapur district,20.2095,79.5603,27.3,5.3,8.2,273,9.6,1.7,98,180,E,0
413,Maharashtra,Chandrapur district,20.2095,79.5603,25.1,6.2,8.2,393,9.1,2.4,110,170,F,0
414,Maharashtra,Chandrapur district,20.2095,79.5603,24.3,5.3,8.2,388,10.6,1.2,140,240,E,0
415,Maharashtra,Chandrapur district,20.2095,79.5603,24.1,5.7,8.2,366,8.6,0.9,170,280,D,0
416,Maharashtra,Nagpur district,21.317,79.2,24.1,5.5,8.2,607,10.4,2.9,114,193,F,0
417,Madhya Pradesh,Jabalpur,23.1657,79.9324,23.7,7.4,7.7,403,2.1,0.3,39,127,B,1
418,Maharashtra,Nagpur district,21.317,79.2,33.8,4.8,8.2,477,10.5,6.7,131,221,F,0
419,Maharashtra,Amravati,20.9297,77.7581,24.4,5.5,8.2,534,10.1,2.7,103,157,F,0
420,Maharashtra,Amravati,20.9297,77.7581,24.9,5.1,8.2,523,11.1,2.7,140,222,F,0
421,Maharashtra,Amravati,20.9297,77.7581,26.3,4.7,8.4,940,15.1,11.5,183,273,F,0
422,Maharashtra,Amravati,20.9297,77.7581,23.2,4.2,8.4,685,13,8.4,363,420,F,0
423,Maharashtra,Amravati,20.9297,77.7581,31.6,5.1,8.3,435,9.7,2.5,152,231,F,0
424,Andhra Pradesh,Guntur district,16.3067,80.4365,21.6,6.9,7.5,469,0.8,0.5,2,1100,C,1
426,Maharashtra,Amravati,20.9297,77.7581,27.6,6.5,7.7,1127,5.7,0.3,3,108,D,0
427,Maharashtra,Nagpur district,21.317,79.2,22.1,5.2,7.9,306,4.5,2.2,47,136,F,0
428,Maharashtra,Nashik district,20.0005,73.7827,21.6,4.7,7.9,262,3.4,1.2,33,106,E,0
429,Maharashtra,Nashik district,20.0005,73.7827,21.9,5.5,8,247,3.7,1.1,39,104,D,0
430,Maharashtra,Nashik district,20.0005,73.7827,22.7,5.4,8.1,244,3.6,1,44,117,D,0
431,Maharashtra,Nashik district,20.0005,73.7827,21.3,4.9,7.9,272,3.4,0.6,59,155,D,0
432,Maharashtra,Yavatmal,20.24,78.06,25,5.8,8.3,506,8.5,2.6,14,34,F,0
433,Maharashtra,Yavatmal,20.24,78.06,24.6,5.1,8.3,534,9.5,3.2,26,50,F,0
434,Maharashtra,Buldhana district,20.5328,76.1828,25.3,4.9,8.4,966,12.8,11.7,133,247,F,0
435,Maharashtra,Yavatmal,20.24,78.06,31.2,5.2,8.3,432,9.8,2.3,113,186,F,0
436,Maharashtra,Yavatmal,20.24,78.06,31.1,4.7,8.2,432,11.2,2.3,150,246,F,0
437,Karnataka,Bagalkot,16.1792,75.6994,28.9,7,8,736,1.5,4.9,700,1250,C,1
438,Karnataka,Bagalkot,16.1792,75.6994,27.5,7.1,7.9,447,1.5,1,558,1040,C,1
439,Karnataka,Bagalkot,16.1792,75.6994,27.5,6.8,7.4,237,4.5,0.2,796,1460,D,0
440,Karnataka,Belgaum,15.8528,74.5111,28.5,6.6,7.7,371,1.2,0.6,620,1080,C,1
441,Karnataka,Belgaum,15.8528,74.5111,28.5,6.9,8,1004,3.3,2.1,740,1390,F,0
442,Karnataka,Belgaum,15.8528,74.5111,27,7.1,7.9,1017,4,1.5,732,1350,E,0
443,Karnataka,Chikmagalur,13.32,75.77,25.8,7.2,7.9,286,2.4,0.1,71,157,B,1
444,Karnataka,Chikmagalur,13.32,75.77,26.1,7,8,415,2.9,0.3,93,191,B,1
445,Karnataka,Chikmagalur,13.32,75.77,29.9,7.2,7.9,613,1.9,0.2,927,1542,C,1
446,Karnataka,Chikmagalur,13.32,75.77,27,6.5,7.9,536,6,0.4,179,386,D,0
447,Karnataka,Chikmagalur,13.32,75.77,26.9,6.5,7.9,398,4,0.2,143,288,D,0
448,Karnataka,Chikmagalur,13.32,75.77,26.5,6.7,8,383,3.6,0.2,129,279,D,0
449,Karnataka,Chikmagalur,13.32,75.77,29.8,7.2,8.1,448,1.9,0.2,808,1425,C,1
450,Karnataka,Chikmagalur,13.32,75.77,26.1,7.2,7.9,313,2.7,0.1,69,152,B,1
451,Karnataka,Chikmagalur,13.32,75.77,26.2,7.2,7.9,290,2.9,0.1,55,133,B,1
452,Andhra Pradesh,Kurnool,15.83,78.05,27.7,7.1,8.1,956,2.2,2.5,18,544,C,1
453,Andhra Pradesh,Kurnool,15.83,78.05,27,6.9,8.2,999,3,3.1,23,620,F,0
454,Karnataka,Chikmagalur,13.32,75.77,27.6,6,7.8,166,3.5,0.2,273,734,D,0
455,Karnataka,Shimoga,13.9167,75.5667,28.5,6.4,8,219,3.3,0.3,150,291,D,0
456,Karnataka,Chikmagalur,13.32,75.77,21.8,5.5,13.7,223,1,0.1,718,2946,F,0
457,Karnataka,Chikmagalur,13.32,75.77,29.5,5.8,7.7,245,4.2,0.2,867,1542,D,0
458,Karnataka,Chikmagalur,13.32,75.77,28.8,6,7.8,226,3.3,0.2,145,302,D,0
459,Karnataka,Chikmagalur,13.32,75.77,29.6,6.5,8,154,2,0.2,58,130,B,1
460,Karnataka,Chikmagalur,13.32,75.77,21.5,5.5,7.4,185,1,0.1,532,2064,C,1
464,Andhra Pradesh,Kurnool,15.83,78.05,28.6,5.4,8.2,1062,2.1,2.6,21,67,B,1
465,Andhra Pradesh,Krishna district,16.61,80.7214,25.5,6.9,8,838,0.9,0.6,2,1450,C,1
466,Andhra Pradesh,Krishna district,16.61,80.7214,24,6.6,8.3,905,0.7,0.5,2,1400,C,1
467,Karnataka,Gulbarga district,17.342,76.8375,29.1,6.9,8.3,596,2.6,0.3,842,1425,C,1
468,Karnataka,Gulbarga district,17.342,76.8375,29,6.8,8.4,575,2.6,0.4,696,1483,C,1
469,Andhra Pradesh,Kurnool,15.83,78.05,28.3,4.8,7.9,1868,5.6,10.3,21,181,F,0
470,Andhra Pradesh,Kurnool,15.83,78.05,27,6.8,7.8,648,3.6,5,14,554,F,0
471,Karnataka,Bagalkot,16.1792,75.6994,27.3,7,8.1,734,1.3,0.9,820,1460,C,1
472,Goa,North Goa,15.5163,73.983,31.6,7.3,7.2,46,1.2,1.23,108,413,B,1
473,Goa,North Goa,15.5163,73.983,30.8,7.1,6.7,48,1.4,0.26,7453,12640,D,0
474,Goa,North Goa,15.5163,73.983,30.2,7.4,6.9,80,0.8,0,160,329,B,1
475,Goa,North Goa,15.5163,73.983,29.7,4.1,6.7,141,2,1,4428,7894,D,0
476,Goa,North Goa,15.5163,73.983,29.1,2.7,6.4,137,2.2,0.77,3207,4719,E,0
477,Goa,North Goa,15.5163,73.983,31.6,5.9,6.6,110,2.7,1,1666,12638,D,0
478,Goa,North Goa,15.5163,73.983,30.3,1.3,6.6,350,2.9,0,18857,32714,E,0
479,Goa,North Goa,15.5163,73.983,31.6,4.9,6.5,148,2.8,1.05,2864,4218,C,1
481,Gujarat,Ahmedabad,23.0145,72.5918,27.6,6.5,8.6,649,21.8,4,5064,2487,F,0
482,Gujarat,Ahmedabad,23.0145,72.5918,29.5,7.03,8.1,320,29.5,3.23,783,12400,F,0
483,Gujarat,Ahmedabad,23.0145,72.5918,28,7.8,8,2225,5.5,2,2568,2448,F,0
484,Gujarat,Ahmedabad,23.0145,72.5918,29.3,6.4,8,23125,4.8,2,4500,178,F,0
489,Gujarat,Mehsana,23.6009,72.3898,28.3,6.8,8,1870,13,1,4,29,D,0
490,Gujarat,Mehsana,23.6009,72.3898,28.5,7.1,7.5,2100,21,1,4,95,D,0
499,Gujarat,Mehsana,23.6009,72.3898,29,5.9,7.8,1453,7.3,6.45,30,7,F,0
500,Gujarat,Mehsana,23.6009,72.3898,27.8,2.4,8,351,6.6,6.22,24,959,F,0
501,Madhya Pradesh,Bhopal,23.1395,77.4086,26,8.3,8.3,270,2.1,3,4,87,B,1
502,Madhya Pradesh,Bhopal,23.1395,77.4086,25.7,9.1,8,461,5.5,1.06,7,363,D,0
503,Madhya Pradesh,Bhopal,23.1395,77.4086,25,5.8,7.7,872,1.9,12,7,170,B,1
504,Madhya Pradesh,Bhopal,23.1395,77.4086,22,7.6,7.5,408,2,1.92,7,55,B,1
505,Madhya Pradesh,Jabalpur,23.1657,79.9324,22,6.8,7.5,428,2.1,2,13,82,B,1
506,Madhya Pradesh,Rewa,24.53,81.3,29.2,7.5,7.4,59,3.1,5,26,364,F,0
507,Madhya Pradesh,Rewa,24.53,81.3,27,7.6,7.9,680,6.4,17,8,382,F,0
508,Madhya Pradesh,Rewa,24.53,81.3,26.1,8.2,8.3,263,2.3,3,4,97,B,1
509,Madhya Pradesh,Rewa,24.53,81.3,26.8,8.2,8.2,277,2.2,2,4,88,B,1
510,Madhya Pradesh,Rewa,24.53,81.3,25.4,7.1,8.1,273,2.2,4,4,94,B,1
511,Madhya Pradesh,Rewa,24.53,81.3,26.7,7.3,7.9,301,1.8,6.66,3,93,B,1
512,Madhya Pradesh,Chhatarpur,24.921,79.5839,22.5,4.4,7.7,464,4.4,12,5,260,F,0
513,Madhya Pradesh,Jabalpur,23.1657,79.9324,22.3,7.3,7.9,502,7.6,2,12,121,F,0
514,Madhya Pradesh,Jabalpur,23.1657,79.9324,22.5,7.4,7.7,495,5,3,5,200,F,0
515,Madhya Pradesh,Jabalpur,23.1657,79.9324,22.1,6.9,7.5,448,4.3,2,8,49,F,0
519,Rajasthan,Udaipur,24.58,73.68,23.8,5.3,8.2,572,1.5,1,7,65,B,1
520,Rajasthan,Udaipur,24.58,73.68,23.9,4.6,8.4,1463,3.2,1,16,557,D,0
521,Rajasthan,Ajmer,26.459,74.6364,19.9,4.7,8.2,321,1.5,1,12,242,C,1
522,Rajasthan,Ajmer,26.459,74.6364,24.3,5,8.4,583,1.2,1,4,12,B,1
523,Rajasthan,Jodhpur,26.2833,73.0219,23.2,8.4,8.3,300,1,2,5,21,A,1
524,Rajasthan,Sirohi,24.8848,72.8535,21.7,5.7,8,295,1.1,1,5,9,B,1
525,Rajasthan,Bundi,25.4375,75.6463,26.1,4.5,7.9,483,1.5,1,5,15,C,1
526,Rajasthan,Alwar,27.34,76.38,24.4,5,8,314,1.9,2,4,7,B,1
527,Rajasthan,Alwar,27.34,76.38,30.3,5.1,7.9,266,0.9,1.08,4,7,B,1
528,Rajasthan,Rajsamand,25.07,73.88,21.3,5,8.6,604,1.2,2.29,4,11,C,1
529,Rajasthan,Rajsamand,25.07,73.88,21.2,4.9,8.6,593,1.1,1,4,7,C,1
530,Rajasthan,Dungarpur,23.83,73.72,23.2,4.4,8.1,538,1.2,1,5,14,C,1
531,Rajasthan,Udaipur,24.58,73.68,22.9,5.6,8.4,591,1.1,3,4,8,B,1
532,Rajasthan,Udaipur,24.58,73.68,22.9,5.8,8.5,588,1.2,3,4,6,C,1
533,Rajasthan,Dungarpur,23.83,73.72,28.7,4.1,7.9,1133,2.3,2,7,67,C,1
534,Rajasthan,Jaipur,26.921,75.7944,24.3,3.5,8.9,2004,6.5,1,13,248,F,0
600,Kerala,Kollam,8.88,76.6,25.1,6.7,7.5,85,1.4,1,183,420,B,1
601,Kerala,Pathanamthitta,9.2656,76.7853,24.6,5.8,7.4,77,1.4,0.8,285,691,C,1
602,Kerala,Pathanamthitta,9.2656,76.7853,25.7,6.6,7.5,75,1.4,0.7,183,448,B,1
603,Kerala,Pathanamthitta,9.2656,76.7853,24.8,6.7,7.5,82,1.4,1,161,443,B,1
604,Kerala,Kannur,11.8608,75.414,27.3,6.7,6.9,56,0.9,0.2,82,172,B,1
605,Kerala,Kannur,11.8608,75.414,27.5,6.5,6.7,2240,1.2,0.2,136,304,B,1
606,Kerala,Pathanamthitta,9.2656,76.7853,25.2,6.3,6.9,73,1.6,0,787,2008,C,1
607,Kerala,Palakkad,10.7925,76.5553,29.9,7,7.4,130,0.7,0.1,301,590,C,1
608,Kerala,Kozhikode,11.2591,75.782,29.8,6.6,7.7,191,1.6,0.2,362,661,C,1
609,Kerala,Kozhikode,11.2591,75.782,27.8,6.9,6.9,134,1.1,0.4,249,531,C,1
610,Kerala,Kozhikode,11.2591,75.782,26.7,7,7.5,80,0.8,0.4,2573,3583,C,1
611,Kerala,Kozhikode,11.2591,75.782,25.8,6.7,7.4,14526,0.8,0.6,1411,1969,C,1
612,Kerala,Kozhikode,11.2591,75.782,26.4,7.2,7.4,82,0.7,0.5,840,1311,C,1
613,Kerala,Kasaragod,12.4997,74.987,29.8,7.5,7.2,67,1.1,0.1,76,590,C,1
614,Kerala,Kasaragod,12.4997,74.987,28.6,3,6.6,965,1.7,1.2,247,530,E,0
615,Kerala,Kozhikode,11.2591,75.782,26.9,5.9,7.4,17990,0.7,0.5,1888,2803,C,1
616,Kerala,Kollam,8.88,76.6,26,6.7,7.5,90,1.6,0.9,199,473,B,1
617,Kerala,Kollam,8.88,76.6,23.6,6.1,7.4,4429,2,1.6,243,550,C,1
618,Kerala,Kozhikode,11.2591,75.782,30.3,6.7,6.9,87,1.7,0.2,155,350,B,1
619,Kerala,Kozhikode,11.2591,75.782,30.7,6.9,6.8,85,1.6,0.2,82,206,B,1
620,Kerala,Kasaragod,12.4997,74.987,28.7,2.1,6.8,101,1.6,0.8,431,694,E,0
621,Kerala,Kasaragod,12.4997,74.987,28.2,2.5,6.9,83,1.9,0.3,353,656,E,0
622,Kerala,Kollam,8.88,76.6,24.8,7.2,7.6,75,1.4,1,188,426,B,1
623,Kerala,Kozhikode,11.2591,75.782,26.3,3.7,7.7,32005,1.2,0.9,40000,60392,F,0
624,Kerala,Palakkad,10.7925,76.5553,29.2,6.1,7.6,281,1.2,0.7,384,718,C,1
625,Kerala,Kottayam,9.58,76.52,26.6,6.7,7.6,106,0.5,2.5,44,71,B,1
626,Kerala,Kottayam,9.58,76.52,30.4,7.6,7.1,58,1.2,0.1,163,961,C,1
627,Kerala,Thiruvananthapuram,8.4875,76.9525,25.5,1.9,7.7,2941,26.9,2.8,10875,37375,F,0
628,Kerala,Thiruvananthapuram,8.4875,76.9525,25.1,7.4,7,35,0.1,0,165,409,B,1
629,Kerala,Thiruvananthapuram,8.4875,76.9525,28.9,6.4,7.2,63,1.3,0.4,121,535,C,1
630,Kerala,Palakkad,10.7925,76.5553,28.8,5.4,6.7,65,1.1,0.3,60,144,B,1
631,Kerala,Malappuram,11.041,76.083,29.3,5.6,7.3,90,1.6,0.4,268,705,C,1
632,Kerala,Malappuram,11.041,76.083,29.5,7.1,8,728,1.2,0.4,374,697,C,1
633,Kerala,Kannur,11.8608,75.414,28.4,5.9,6.8,13953,1.5,0.4,70,166,B,1
634,Kerala,Kannur,11.8608,75.414,26.9,7.4,6.9,57,1.1,0.3,70,159,B,1
635,Kerala,Kozhikode,11.2591,75.782,25.8,7.2,7.2,41,0.7,0.2,441,658,C,1
636,Kerala,Kozhikode,11.2591,75.782,26.6,6.5,7.4,71,0.6,0.3,4192,7018,D,0
637,Kerala,Thiruvananthapuram,8.4875,76.9525,25.3,6.8,7.1,81,0.8,0,389,1268,C,1
638,Kerala,Thiruvananthapuram,8.4875,76.9525,28.2,6.8,6.9,68,1.7,0.1,449,660,C,1
640,Kerala,Wayanad,11.6854,76.132,27.6,6.4,7.7,100,0.6,0.9,56,88,B,1
641,Kerala,Kasaragod,12.4997,74.987,29,7.3,6.9,96,1.9,0.2,89,825,C,1
642,Kerala,Kottayam,9.58,76.52,27.5,6.8,6.6,49,0.5,0.4,1719,2950,C,1
643,Kerala,Kasaragod,12.4997,74.987,30,5.6,7.2,24360,2.1,0.3,92,447,B,1
644,Kerala,Kottayam,9.58,76.52,27.8,6.9,6.8,59,0.6,0.5,1916,3375,C,1
645,Kerala,Kasaragod,12.4997,74.987,30.2,7.1,6.8,14410,1.8,0.1,65,468,B,1
646,Kerala,Kasaragod,12.4997,74.987,30.8,6.2,7.2,22757,1.5,0.1,98,542,C,1
647,Kerala,Thiruvananthapuram,8.4875,76.9525,25.3,6.7,7.1,66,0.6,0,222,626,C,1
648,Kerala,Thiruvananthapuram,8.4875,76.9525,25.3,7.2,7,59,0.6,0,165,433,B,1
649,Kerala,Pathanamthitta,9.2656,76.7853,25.8,6,7.6,120,1.3,1.1,212,523,C,1
650,Kerala,Pathanamthitta,9.2656,76.7853,27.2,5.2,6.8,55,0.6,0.7,171,313,B,1
651,Kerala,Pathanamthitta,9.2656,76.7853,28.1,4.8,6.8,86,0.7,0.8,208,332,C,1
652,Kerala,Pathanamthitta,9.2656,76.7853,28.3,3.9,6.9,62,0.5,0.7,155,284,E,0
653,Kerala,Idukki,9.85,76.97,28.1,5,6.9,3185,1.8,0.4,290,667,C,1
654,Kerala,Idukki,9.85,76.97,27.7,7,7,36,1.1,0.2,276,541,C,1
655,Kerala,Idukki,9.85,76.97,28,6.3,6.9,64,1.2,0.3,381,815,C,1
656,Kerala,Idukki,9.85,76.97,28.2,6.2,6.9,86,1.3,0.2,372,1007,C,1
657,Kerala,Idukki,9.85,76.97,28,5.7,6.8,2640,1.9,0.5,385,759,C,1
658,Kerala,Idukki,9.85,76.97,28.1,5.7,6.9,53,3.1,0.4,574,1205,D,0
659,Kerala,Idukki,9.85,76.97,28.1,6.6,7.1,2007,1.3,0.2,356,785,C,1
660,Kerala,Idukki,9.85,76.97,28.1,6.6,7,46,1.3,0.3,228,472,B,1
661,Kerala,Kannur,11.8608,75.414,27.3,6.5,6.5,43,0.9,0.4,87,188,C,1
662,Kerala,Thrissur,10.52,76.21,28.3,6.7,6.3,54,0.9,0.1,136,610,C,1
663,Kerala,Palakkad,10.7925,76.5553,29.1,4.3,7.2,113,1.8,0.4,188,796,C,1
664,Kerala,Kasaragod,12.4997,74.987,28.7,4.6,6.7,12561,1.5,0.6,72,171,C,1
665,Kerala,Kasaragod,12.4997,74.987,28.5,7.7,6.9,61,1.6,0,88,554,C,1
666,Kerala,Kannur,11.8608,75.414,26.6,5.8,6.5,61,1,0.4,70,151,C,1
667,Kerala,Malappuram,11.041,76.083,31,4.5,6.9,1614,2.1,0.6,131,230,C,1
668,Kerala,Kasaragod,12.4997,74.987,30.5,6.9,7.2,20950,1.3,0.2,113,643,C,1
669,Kerala,Kannur,11.8608,75.414,28.8,6.6,7,14487,0.9,0.3,55,103,B,1
670,Kerala,Kannur,11.8608,75.414,25.3,6.9,7.5,54,0.6,0,319,1633,C,1
671,Andhra Pradesh,Kurnool,15.83,78.05,25.9,5.5,7.6,569,1.3,0.9,18,141,B,1
672,Andhra Pradesh,Khammam,17.25,80.15,26.5,5.4,7.8,310,0.8,2.4,7,107,B,1
673,Andhra Pradesh,Khammam,17.25,80.15,18.9,7.1,7.8,516,0.7,0.5,2,1238,C,1
674,Andhra Pradesh,Khammam,17.25,80.15,20.5,6.9,8,505,0.9,0.7,2,1563,C,1
675,Karnataka,Uttara Kannada,14.6,74.7,27.1,7.3,7.3,109,2.4,3.4,18,65,B,1
676,Karnataka,Uttara Kannada,14.6,74.7,26.3,7.5,7.5,83,2.1,2,22,74,B,1
677,Karnataka,Uttara Kannada,14.6,74.7,29.1,6.4,7.2,102,1,0,137,1223,C,1
678,Karnataka,Uttara Kannada,14.6,74.7,28.4,6.5,7.1,92,1,0,155,1342,C,1
679,Odisha,Balasore,21.4916,86.915,24.7,7.7,7.9,232,1.3,0.8,30790,40500,D,0
680,Odisha,Balasore,21.4916,86.915,24.4,7.5,7.8,519,2.1,0.7,38700,53556,E,0
681,Odisha,Koraput,18.8132,82.7126,22.7,7.3,7.2,103,0.7,1.7,4871,13810,E,0
682,Odisha,Rayagada,19.1754,83.4109,24.8,7.4,7.9,196,0.7,0.6,5323,15213,D,0
683,Odisha,Rayagada,19.1754,83.4109,24,7.4,7.8,244,1.9,1,20880,12473,D,0
684,Odisha,Rayagada,19.1754,83.4109,22.8,7.5,8,243,1.7,0.9,8780,30319,D,0
685,Odisha,Ganjam,19.38,85.07,26.8,7.2,8,296,1.5,0.7,1468,4314,C,1
686,Odisha,Ganjam,19.38,85.07,27.4,6.6,7.8,25034,1.5,0.9,1671,4224,C,1
687,Odisha,Rayagada,19.1754,83.4109,25.3,7.5,7.9,194,1,1,2906,8559,D,0
688,Odisha,Rayagada,19.1754,83.4109,27.1,7.4,7.9,170,0.8,0.9,4948,16709,D,0
694,Tamil Nadu,Tirupattur,12.5,78.6,29.3,6.5,7.4,1063,2,0.6,177,374,B,1
695,Tamil Nadu,Tirunelveli,8.7288,77.7046,22.8,6.8,6.6,63,2.9,0.1,11,36,B,1
696,Tamil Nadu,Tirunelveli,8.7288,77.7046,24.5,6.6,6.4,101,2.5,0.2,13,41,C,1
697,Tamil Nadu,Tirunelveli,8.7288,77.7046,25.5,6.6,6.5,136,2.5,0.2,13,45,C,1
698,Tamil Nadu,Thoothukudi,8.81,78.14,29,6.7,6.9,226,2.2,0.2,12,38,B,1
699,Tamil Nadu,Tirunelveli,8.7288,77.7046,23.8,6.7,6.3,72,2.7,0.2,9,32,C,1
700,Tamil Nadu,Tirunelveli,8.7288,77.7046,22.8,6.7,6.4,61,4.6,0.1,10,34,E,0
701,Tamil Nadu,Thoothukudi,8.81,78.14,29,6.6,7.2,1300,2.7,0.2,21,60,B,1
702,Tamil Nadu,Thoothukudi,8.81,78.14,29,6.7,7,461,2.5,0.1,17,51,B,1
703,Tamil Nadu,Tirunelveli,8.7288,77.7046,23,6.6,6.2,69,2.5,0.1,11,38,C,1
704,Tamil Nadu,Tirunelveli,8.7288,77.7046,29,6.8,6.9,241,2.5,0.1,14,48,B,1
705,Tamil Nadu,Tirunelveli,8.7288,77.7046,25.7,6.5,6.6,159,2.4,0.2,11,41,B,1
706,Tamil Nadu,Tirunelveli,8.7288,77.7046,25.7,6.6,6.7,170,2.5,0.2,10,34,B,1
707,Tamil Nadu,Salem,11.6521,78.158,24.3,0.9,7.6,2039,104.5,0.9,272521616,511090873,F,0
733,Meghalaya,South Garo Hills district,25.3301,90.5636,25.5,7.2,7.5,119,2.3,3.8,33,74,B,1
734,Meghalaya,South Garo Hills district,25.3301,90.5636,25.1,7.2,7.5,120,2.3,4.1,31,67,B,1
735,Meghalaya,East Garo Hills district,25.5672,90.5258,25.2,7.5,7.3,82,1.8,2.8,30,70,B,1
736,Meghalaya,East Garo Hills district,25.5672,90.5258,23.2,7.5,7.5,111,2.4,3,293,506,C,1
737,Meghalaya,East Jainta hills,25.3101,92.5,20.1,5.3,3.3,831,7.7,3.2,18,36,F,0
738,Meghalaya,West Khasi Hills district,25.5625,91.2891,18.3,7.2,7.2,56,1.7,2.6,21,42,A,1
739,Meghalaya,West Khasi Hills district,25.5625,91.2891,19.3,7.5,7.2,66,1.6,2.5,22,44,A,1
740,Meghalaya,West Khasi Hills district,25.5625,91.2891,24,7.8,7,74,2.3,4.3,28,108,B,1
741,Meghalaya,East Jainta hills,25.3101,92.5,20.5,6.7,2.7,1350,3.3,1.1,7,16,F,0
742,Meghalaya,East Jainta hills,25.3101,92.5,21.2,7.3,6.6,274,2.5,2.4,176,386,B,1
743,Meghalaya,East Garo Hills district,25.5672,90.5258,26.3,7.4,7.3,67,1.8,2.5,25,55,B,1
744,Meghalaya,East Garo Hills district,25.5672,90.5258,25.5,7.2,7.4,82,2,2.8,26,61,B,1
745,Meghalaya,East Jainta hills,25.3101,92.5,20,7.3,7.1,55,1.9,2.5,24,53,B,1
746,Meghalaya,East Jainta hills,25.3101,92.5,20.3,7.3,7.1,57,2,2.4,24,50,B,1
747,Meghalaya,East Jainta hills,25.3101,92.5,19.4,6.6,7.1,114,2.6,2.8,2142,3108,C,1
748,Meghalaya,East Jainta hills,25.3101,92.5,21,7.3,5.6,56,1.8,2.1,16,34,F,0
749,Meghalaya,West Khasi Hills district,25.5625,91.2891,19.2,5.1,7,105,3.6,4.7,351,780,F,0
750,Meghalaya,West Khasi Hills district,25.5625,91.2891,18.3,7.3,7.1,51,1.6,2.4,19,40,A,1
751,Meghalaya,West Khasi Hills district,25.5625,91.2891,19.6,7.7,7.2,50,1.6,2,19,36,A,1
752,Meghalaya,West Khasi Hills district,25.5625,91.2891,23.7,7.6,7.3,115,2.1,3.7,301,528,C,1
753,Meghalaya,East Khasi Hills district,25.3682,91.7539,18.2,6.2,7,81,2.4,5.1,36,79,B,1
754,Meghalaya,East Khasi Hills district,25.3682,91.7539,18.8,7.2,7.1,66,1.9,3.4,28,63,B,1
755,Meghalaya,East Khasi Hills district,25.3682,91.7539,18.9,7.4,7.1,57,1.5,2.9,13,40,A,1
756,Meghalaya,East Khasi Hills district,25.3682,91.7539,25.1,7.5,7.4,144,1.7,3.5,26,59,B,1
757,Meghalaya,East Khasi Hills district,25.3682,91.7539,18.8,7.1,7.1,63,1.9,5.6,22,48,A,1
758,Meghalaya,East Khasi Hills district,25.3682,91.7539,20.2,7.3,7.2,65,1.9,3.3,24,48,A,1
759,Meghalaya,East Khasi Hills district,25.3682,91.7539,20,7.3,7.3,65,2,3,25,54,B,1
760,Meghalaya,East Khasi Hills district,25.3682,91.7539,18.5,1.5,6.9,345,33.9,16.9,23232,34251,F,0
761,Meghalaya,East Khasi Hills district,25.3682,91.7539,18.8,3.9,7.1,233,17,10.5,13174,22223,F,0
762,Meghalaya,East Khasi Hills district,25.3682,91.7539,18.3,1,7.2,376,57.2,20.3,48665,83554,F,0
763,Meghalaya,East Khasi Hills district,25.3682,91.7539,18.5,0.9,7.2,506,61.1,19.6,64250,106333,F,0
764,Meghalaya,East Khasi Hills district,25.3682,91.7539,18.2,7.2,7,66,1.9,3.7,28,60,B,1
765,Meghalaya,East Khasi Hills district,25.3682,91.7539,22.1,7.7,7.2,62,1.6,3,27,59,B,1
766,Meghalaya,East Khasi Hills district,25.3682,91.7539,17.6,7.3,6.9,61,2.2,2,25,52,B,1
767,Meghalaya,East Khasi Hills district,25.3682,91.7539,18.7,1.2,7.1,380,45.7,15.6,51583,94083,F,0
768,Meghalaya,East Khasi Hills district,25.3682,91.7539,18.7,3.2,7.1,258,23.5,10.3,31833,54083,F,0
769,Meghalaya,West Khasi Hills district,25.5625,91.2891,23.1,7.2,7.2,124,6.9,4.5,348,552,F,0
770,Meghalaya,West Khasi Hills district,25.5625,91.2891,22.6,7.2,7.1,65,2.1,2.4,56,120,B,1
771,Meghalaya,West Khasi Hills district,25.5625,91.2891,20,7.5,7.3,64,1.9,3.3,21,42,A,1
772,Meghalaya,West Khasi Hills district,25.5625,91.2891,19.9,7.6,7.3,65,1.9,3.8,21,43,A,1
774,Mizoram,Aizawl district,23.8789,92.8976,24.4,7.2,7.3,275,1.5,0.1,4,68,B,1
777,Tripura,South tripura,23.2317,91.5596,27.3,6.2,7.8,165,2.1,0,282,340,B,1
778,Tripura,South tripura,23.2317,91.5596,29.1,6.4,7.8,158,4.1,0.5,458,500,D,0
779,Tripura,West Tripura,23.8997,91.4048,26.6,6.6,7.9,210,4.2,1.9,510,572,E,0
781,Gujarat,Mehsana,23.6009,72.3898,27.1,7.3,7.9,693,0.5,1,161,173,B,1
1078,Maharashtra,Ratnagiri,16.98,73.3,27,4.8,7.2,5429,8.4,2.08,177,408,F,0
782,Gujarat,Patan,23.83,72.12,27.3,5,7.6,1676,1.8,8,329,174,B,1
784,Gujarat,Patan,23.83,72.12,24.5,6,7.7,1863,8.6,1,47,1183,D,0
786,Gujarat,Patan,23.83,72.12,27.5,5.3,7.8,817,2.8,1,9,23,B,1
788,Gujarat,Navsari,20.9491,72.9136,28.4,4.5,8.3,1287,1.5,11,116,5,C,1
790,Gujarat,Navsari,20.9491,72.9136,27.6,6.8,8.2,1862,2.5,0.87,7,64,B,1
793,Gujarat,Navsari,20.9491,72.9136,27,6.7,8.1,2520,7.2,1,6,41,D,0
796,Goa,South Goa,15.1177,74.124,30,5.6,7.5,41,2,0.08,7022,13410,D,0
797,Goa,South Goa,15.1177,74.124,30.4,5.5,6.7,209,0.8,0.17,1893,2915,C,1
798,Goa,South Goa,15.1177,74.124,30.8,5.5,7.1,123,1.5,0.09,3293,6264,D,0
799,Goa,South Goa,15.1177,74.124,30.3,5.3,7.3,182,1.5,0.08,1976,3080,C,1
800,Goa,South Goa,15.1177,74.124,30.1,6,7.6,100,1.2,0.17,5129,6086,D,0
801,Goa,South Goa,15.1177,74.124,29.9,5.7,6.9,111,1,0.14,939,3061,C,1
802,Goa,South Goa,15.1177,74.124,29.1,6.4,7.1,140,1.1,0.1,4464,7908,D,0
803,Goa,South Goa,15.1177,74.124,29.9,6.2,7.8,44,2,0.06,9429,9320,D,0
804,Goa,South Goa,15.1177,74.124,29.8,6.1,7.6,43,1.8,0.06,6668,9554,D,0
805,Goa,South Goa,15.1177,74.124,27.9,7,6.9,64,1.1,0.09,1641,2841,C,1
806,Goa,South Goa,15.1177,74.124,28.2,6.6,6.5,62,1,0.14,4073,7190,E,0
807,Goa,South Goa,15.1177,74.124,29.6,7,6.8,304,2,0.49,12140,23867,D,0
808,Goa,South Goa,15.1177,74.124,28.8,7,7,55,1.2,0.66,1298,2813,C,1
809,Goa,South Goa,15.1177,74.124,29.5,6.3,7.6,213,1.5,0.06,3803,7069,D,0
810,Goa,South Goa,15.1177,74.124,29.8,6.7,6.8,83,1.2,0.17,2140,3559,C,1
811,Goa,South Goa,15.1177,74.124,29.7,7.1,6.6,76,1,0.12,2367,3527,C,1
812,Goa,South Goa,15.1177,74.124,28.7,6.7,6.6,107,1.3,0.22,2461,3757,C,1
813,Goa,South Goa,15.1177,74.124,27.9,7.2,6.7,89,0.9,0.06,832,1996,C,1
814,Goa,South Goa,15.1177,74.124,29.3,4.2,6.7,192,2,0.16,4448,9286,D,0
815,Goa,South Goa,15.1177,74.124,28.6,6.3,6.6,79,1.6,0.19,2830,6054,D,0
816,Goa,South Goa,15.1177,74.124,29.8,5.6,7.7,142,1.7,0.14,1831,3644,C,1
817,Goa,South Goa,15.1177,74.124,28.6,2.8,6.4,424,3.2,0.35,12658,21036,E,0
818,Goa,South Goa,15.1177,74.124,30.6,5.2,7.1,306,2.6,0.34,1411,1525,C,1
819,Goa,South Goa,15.1177,74.124,30.3,5.6,7.7,40,1.5,0.07,4153,7130,D,0
820,Goa,South Goa,15.1177,74.124,30.4,5.5,7.7,40,1.5,0.08,7086,12282,D,0
821,Goa,South Goa,15.1177,74.124,29.6,6.9,6.7,63,0.9,0.21,691,1132,C,1
822,Goa,South Goa,15.1177,74.124,29.6,6.3,7.6,227,1.7,0.08,3622,3612,C,1
823,Goa,South Goa,15.1177,74.124,29.5,7.1,6.6,68,1.1,0.13,4124,8167,D,0
824,Maharashtra,Raigad Fort,18.235,73.4478,26.7,6.9,7.7,121,3.3,1,77,163,D,0
825,Maharashtra,Thane,19.4305,72.9656,29.3,7.2,8.2,112,3.3,1,39,94,D,0
826,Maharashtra,Thane,19.4305,72.9656,28,6.9,7.7,103,3.7,0.57,48,103,D,0
827,Maharashtra,Thane,19.4305,72.9656,28.2,6.9,7.6,104,3.5,0.75,37,79,D,0
828,Maharashtra,Ratnagiri,16.98,73.3,26.5,6.4,7.4,1003,4.3,2.89,524,753,F,0
829,Maharashtra,Dhule district,21.0577,74.6869,20.7,6.3,8.3,408,2.7,1.58,64,157,B,1
830,Maharashtra,Raigad Fort,18.235,73.4478,27.2,6.7,7.8,105,3.6,1,43,89,D,0
831,Maharashtra,Ratnagiri,16.98,73.3,27.5,6.3,7.6,209,4.4,1.86,48,98,E,0
832,Maharashtra,Raigad Fort,18.235,73.4478,26,5.9,7.6,13768,5,1.79,166,300,F,0
833,Maharashtra,Raigad Fort,18.235,73.4478,26.5,7.3,7.7,86,3.2,1,50,93,D,0
834,Maharashtra,Ratnagiri,16.98,73.3,27,3.6,7.4,6487,30.5,1.5,534,745,F,0
835,Maharashtra,Ratnagiri,16.98,73.3,27.3,6.3,8.3,999,3.3,1.78,4,112,E,0
836,Maharashtra,Raigad Fort,18.235,73.4478,28.7,7.2,7.7,125,3.3,1,39,89,D,0
837,Maharashtra,Raigad Fort,18.235,73.4478,28.4,7.1,7.5,127,3.4,4.4,17,63,F,0
838,Maharashtra,Raigad Fort,18.235,73.4478,28.7,7.1,7.4,5300,38,1,388,667,D,0
839,Maharashtra,Raigad Fort,18.235,73.4478,28.7,7.2,7.6,127,3.2,1,22,51,D,0
840,Maharashtra,Raigad Fort,18.235,73.4478,28.7,7,7.6,126,3.3,1,20,63,D,0
841,Maharashtra,Raigad Fort,18.235,73.4478,28.7,7.2,7.6,126,3.4,1.89,29,64,E,0
842,Maharashtra,Raigad Fort,18.235,73.4478,28.7,7.1,7.8,112,3.2,0.63,43,88,D,0
843,Maharashtra,Pune district,18.6833,74.03,29.3,6.8,7.7,9590,3.6,4.57,3,124,F,0
844,Maharashtra,Raigad Fort,18.235,73.4478,28.3,6.8,7.4,174,3.7,2.26,4,124,F,0
845,Maharashtra,Raigad Fort,18.235,73.4478,28.7,6.8,7.6,2572,3.3,4.22,4,118,F,0
846,Maharashtra,Raigad Fort,18.235,73.4478,29.2,6.7,7.8,6030,4.4,4.78,4,138,F,0
847,Maharashtra,Raigad Fort,18.235,73.4478,28.7,6.8,7.7,7207,3.9,4.25,3,120,F,0
848,Maharashtra,Thane,19.4305,72.9656,27.2,6.8,8.1,167,3.8,1,32,85,D,0
849,Maharashtra,Thane,19.4305,72.9656,27.2,6.8,8,173,3.5,1,53,98,D,0
850,Maharashtra,Thane,19.4305,72.9656,27.2,7,8,168,3.6,1,44,83,D,0
851,Maharashtra,Thane,19.4305,72.9656,28,6.9,7.9,131,3.5,0.75,41,96,D,0
852,Maharashtra,Thane,19.4305,72.9656,26.2,7,7.6,125,3.5,0.6,33,63,D,0
853,Maharashtra,Thane,19.4305,72.9656,26.2,7.2,7.5,132,3.3,0.9,38,88,D,0
854,Maharashtra,Thane,19.4305,72.9656,28.2,7.2,7.7,119,3.3,1,35,68,D,0
855,Maharashtra,Ratnagiri,16.98,73.3,24.5,6.9,7.5,159,2.8,1,3,82,B,1
856,Maharashtra,Ratnagiri,16.98,73.3,24.5,6.7,7.7,141,3.3,3,4,90,F,0
857,Maharashtra,Ratnagiri,16.98,73.3,24.5,7.3,7.7,132,2.9,2,3,88,B,1
858,Kerala,Pathanamthitta,9.2656,76.7853,24,6.4,7.3,76,1.7,0.62,199,788,C,1
859,Kerala,Pathanamthitta,9.2656,76.7853,24.9,6,7.1,85,1.7,0.53,262,538,C,1
860,Kerala,Pathanamthitta,9.2656,76.7853,24.3,6.3,7.1,69,1.3,0.57,248,593,C,1
861,Kerala,Pathanamthitta,9.2656,76.7853,24.8,6.5,7.3,76,1.6,0.55,226,545,C,1
862,Kerala,Kannur,11.8608,75.414,26.4,6.7,6.6,60,1.2,0.34,228,435,B,1
863,Kerala,Kannur,11.8608,75.414,27,7,6.6,3544,1.5,0.37,208,435,B,1
864,Kerala,Pathanamthitta,9.2656,76.7853,26.6,6.7,7.3,51,0.8,0.35,547,1567,C,1
865,Kerala,Pathanamthitta,9.2656,76.7853,28.6,6.9,7.7,107,0.7,0.46,255,443,B,1
866,Kerala,Pathanamthitta,9.2656,76.7853,28.8,6.7,7.9,173,0.9,0.56,191,426,B,1
867,Kerala,Thrissur,10.52,76.21,28,5.6,6.9,126,1.2,0.67,266,990,C,1
868,Kerala,Thrissur,10.52,76.21,27.4,7.3,7.4,70,0.8,0.31,2984,4208,C,1
869,Kerala,Thrissur,10.52,76.21,27.5,6.9,7.4,12754,0.8,0.29,1807,2557,C,1
870,Kerala,Thrissur,10.52,76.21,26.8,7.1,7.4,80,0.6,0.5,1921,2831,C,1
871,Kerala,Kasaragod,12.4997,74.987,30,7.2,6.9,62,1.3,0.11,33,150,B,1
872,Kerala,Ernakulam,10.0705,76.684,28.8,3.4,6.7,2965,2.3,1.11,271,1236,F,0
873,Kerala,Ernakulam,10.0705,76.684,27.4,6.1,7.2,15871,0.9,0.25,1667,2975,C,1
874,Kerala,Kollam,8.88,76.6,24.8,6.4,7.2,120,1.9,0.77,258,618,C,1
875,Kerala,Kollam,8.88,76.6,23.6,6.2,7.2,7448,2,1.01,184,483,B,1
876,Kerala,Kozhikode,11.2591,75.782,29.8,6.6,6.9,77,1.6,0.29,264,756,C,1
877,Kerala,Kozhikode,11.2591,75.782,30.2,6.8,7,72,1.7,0.2,249,785,C,1
878,Kerala,Kasaragod,12.4997,74.987,28.2,2.9,6.7,305,2.2,1.28,403,1623,E,0
879,Kerala,Kasaragod,12.4997,74.987,27.7,3,6.6,86,2,0.39,357,1319,E,0
880,Kerala,Kollam,8.88,76.6,23.9,6.7,7.1,79,1.6,0.34,313,738,C,1
881,Kerala,Kozhikode,11.2591,75.782,27.4,3.6,7.3,32790,2.6,0.59,64259,112867,F,0
882,Kerala,Kozhikode,11.2591,75.782,27.8,6.1,7.8,2905,1.3,0.54,422,997,C,1
883,Kerala,Wayanad,11.6854,76.132,26.4,6.9,7.4,112,0.5,0.35,50,67,B,1
884,Kerala,Kasaragod,12.4997,74.987,29.6,7,6.9,51,1.1,0.18,44,317,B,1
885,Kerala,Thiruvananthapuram,8.4875,76.9525,27,3.1,7.2,1416,13.2,4.41,2992,19917,F,0
886,Kerala,Thiruvananthapuram,8.4875,76.9525,26.3,7,7.1,30,0.5,0.32,211,496,B,1
887,Kerala,Thrissur,10.52,76.21,30,6.1,7,59,1.8,0.58,89,282,B,1
888,Kerala,Palakkad,10.7925,76.5553,28,6,6.4,61,2.1,0.28,87,300,C,1
889,Kerala,Kannur,11.8608,75.414,30.1,6.3,7,105,2.8,0.37,142,543,C,1
890,Kerala,Palakkad,10.7925,76.5553,27.9,6.9,8.1,502,0.9,0.72,382,615,C,1
891,Kerala,Kannur,11.8608,75.414,27,5.9,6.7,14662,1.5,0.52,144,377,B,1
892,Kerala,Kannur,11.8608,75.414,26,7.8,6.8,49,1.4,0.3,122,319,B,1
893,Kerala,Kozhikode,11.2591,75.782,27.7,7.1,7.4,380,1,0.14,1527,66382,F,0
894,Kerala,Kozhikode,11.2591,75.782,27.1,7.3,7.2,67,0.9,0.38,6490,3471,C,1
895,Kerala,Thiruvananthapuram,8.4875,76.9525,26.5,6.2,7.2,51,0.8,0.23,331,942,C,1
896,Kerala,Kottayam,9.58,76.52,28.5,7.2,6.8,69,1.2,0.45,706,941,C,1
897,Kerala,Kottayam,9.58,76.52,28.7,6.9,6.7,75,2.5,0.4,526,701,C,1
898,Kerala,Wayanad,11.6854,76.132,25.7,6.3,7.4,113,0.6,0.88,98,128,B,1
899,Kerala,Kasaragod,12.4997,74.987,29.3,7.6,6.8,79,1.6,0.31,48,109,B,1
900,Kerala,Kottayam,9.58,76.52,27,7,7.2,57,0.6,0.46,2117,3558,C,1
901,Kerala,Kasaragod,12.4997,74.987,30.9,5.9,7,22576,1.5,0.35,42,253,B,1
902,Kerala,Kasaragod,12.4997,74.987,27.1,6.8,7.2,105,0.6,0.39,1200,2392,C,1
903,Kerala,Kasaragod,12.4997,74.987,30.3,6.3,6.7,2315,1.3,0.17,55,278,B,1
904,Kerala,Kasaragod,12.4997,74.987,30.4,6.4,6.9,18569,1,0.27,40,277,B,1
905,Kerala,Thiruvananthapuram,8.4875,76.9525,26.2,6.6,7.3,45,0.6,0.39,228,940,C,1
906,Kerala,Thiruvananthapuram,8.4875,76.9525,26.2,6.9,7.2,42,0.5,0.18,151,774,C,1
907,Kerala,Pathanamthitta,9.2656,76.7853,25.1,6,7.3,92,1.7,0.56,256,597,C,1
908,Kerala,Alappuzha,9.49,76.33,27.4,6.1,7.2,59,0.7,1.04,181,311,B,1
909,Kerala,Alappuzha,9.49,76.33,28.1,4.5,6.9,1190,0.7,1.17,218,388,C,1
910,Kerala,Alappuzha,9.49,76.33,28.3,4.2,7,69,0.6,1.04,240,420,C,1
911,Kerala,Idukki,9.85,76.97,28.2,6,7,5569,2.2,0.68,473,1894,C,1
912,Kerala,Idukki,9.85,76.97,27.2,7.3,7,34,1,0.27,234,927,C,1
913,Kerala,Idukki,9.85,76.97,27.4,6.3,7,44,1.6,0.32,487,1876,C,1
914,Kerala,Idukki,9.85,76.97,28.2,6.4,7.2,49,1.4,0.23,362,1357,C,1
915,Kerala,Idukki,9.85,76.97,27.9,5.9,7,3272,2.2,0.62,330,1284,C,1
916,Kerala,Idukki,9.85,76.97,27.3,4.6,7,65,1.7,0.28,631,1937,C,1
917,Kerala,Idukki,9.85,76.97,28.2,6.5,6.9,4650,2,1,340,1573,C,1
918,Kerala,Idukki,9.85,76.97,28.2,6.5,7,42,1.4,1,249,1221,C,1
919,Kerala,Kannur,11.8608,75.414,26.7,6.4,6.4,45,1.2,1,142,376,C,1
920,Kerala,Thrissur,10.52,76.21,28,6,6.1,56,1.2,0,136,438,C,1
921,Kerala,Thrissur,10.52,76.21,29.7,5.3,6.8,99,2.8,0.79,106,523,C,1
922,Kerala,Thrissur,10.52,76.21,28.2,3.6,6.5,22131,1.8,0.95,105,261,F,0
923,Kerala,Kasaragod,12.4997,74.987,28.9,6.9,6.7,66,1.8,0,93,205,B,1
924,Kerala,Kannur,11.8608,75.414,26.4,6,6.6,67,1.5,3.69,168,398,B,1
925,Kerala,Kannur,11.8608,75.414,30,4.9,6.8,9107,1.6,1,208,614,C,1
926,Kerala,Kasaragod,12.4997,74.987,30.8,6.3,7,18931,1.4,1,34,201,B,1
927,Kerala,Kannur,11.8608,75.414,27.8,6.6,6.8,15525,1.1,0.06,149,347,B,1
928,Kerala,Kannur,11.8608,75.414,26.7,7.1,7.5,46,0.8,1,239,1097,C,1
929,Andhra Pradesh,Vizianagaram,18.12,83.42,27,6,7.3,432,1.2,3,3,78,B,1
930,Andhra Pradesh,Vizianagaram,18.12,83.42,26.8,6.1,7.7,328,1.2,1,3,211,B,1
931,Andhra Pradesh,Khammam,17.25,80.15,19,5.8,7.8,707,0.6,0.85,2,1100,C,1
932,Andhra Pradesh,Khammam,17.25,80.15,21.4,6.1,8,674,0.9,1,2,1260,C,1
933,Karnataka,Uttara Kannada,14.6,74.7,27.1,7.3,7.3,164,2.3,1,115,336,B,1
934,Karnataka,Uttara Kannada,14.6,74.7,26.3,7.6,7.4,122,2.4,1,223,834,C,1
935,Karnataka,Dakshina Kannada,12.8438,75.2479,28.3,6.5,7.1,95,1,0,156,212,B,1
936,Karnataka,Dakshina Kannada,12.8438,75.2479,27.9,6.5,7.1,56,1,0,30,79,B,1
937,Odisha,Balasore,21.4916,86.915,23.4,7.5,7.8,237,1.4,0.89,8281,18918,D,0
938,Odisha,Balasore,21.4916,86.915,23.5,7.6,7.6,3688,2.3,2.66,19264,32918,F,0
939,Odisha,Koraput,18.8132,82.7126,22.4,7.3,7.5,82,1.2,1.58,15816,17512,E,0
940,Odisha,Rayagada,19.1754,83.4109,26.8,7.5,8,202,1.4,1.89,11771,23191,E,0
941,Odisha,Rayagada,19.1754,83.4109,26.5,7.3,7.9,232,2.9,2.23,9026,30836,F,0
942,Odisha,Rayagada,19.1754,83.4109,22,7.4,7.9,246,2.3,1.9,1850,3900,C,1
943,Odisha,Ganjam,19.38,85.07,27.6,6.9,8.1,3960,2,2.26,19058,22523,F,0
944,Odisha,Ganjam,19.38,85.07,26.8,7,8,28222,1.8,2.54,16613,10469,F,0
945,Odisha,Rayagada,19.1754,83.4109,25.6,7.2,7.8,201,1.3,1.59,29937,31034,E,0
946,Odisha,Rayagada,19.1754,83.4109,26.5,7.3,8,221,1.2,2.26,16103,5289,F,0
952,Tamil Nadu,Tirupattur,12.5,78.6,27.8,6.7,7.5,1088,1.7,0,194,474,B,1
953,Tamil Nadu,Tirunelveli,8.7288,77.7046,23.4,7.2,6.5,73,3.1,0,19,59,E,0
954,Tamil Nadu,Tirunelveli,8.7288,77.7046,25.4,6.7,6.3,98,3.3,1.5,21,74,E,0
955,Tamil Nadu,Tirunelveli,8.7288,77.7046,26.3,6.3,6.5,143,4,4,38,124,F,0
956,Tamil Nadu,Thoothukudi,8.81,78.14,29,6.6,6.9,260,5.4,1,17,53,D,0
957,Tamil Nadu,Tirunelveli,8.7288,77.7046,24.6,7.1,6.3,71,3.5,1,24,82,E,0
958,Tamil Nadu,Tirunelveli,8.7288,77.7046,23.5,6.9,6.3,65,3.5,0,17,52,E,0
959,Tamil Nadu,Thoothukudi,8.81,78.14,29,7.3,7.1,607,3.6,0.88,33,104,D,0
960,Tamil Nadu,Thoothukudi,8.81,78.14,27,6.1,7,446,5.2,0.56,26,77,D,0
961,Tamil Nadu,Kallakurichi,11.7389,78.9739,24,6.9,6.4,94,3.2,1.59,20,65,E,0
962,Tamil Nadu,Tirunelveli,8.7288,77.7046,28.7,6.8,6.8,451,9.4,0.55,22,58,D,0
963,Tamil Nadu,Tirunelveli,8.7288,77.7046,26.3,6,6.6,169,3.9,2,22,84,F,0
964,Tamil Nadu,Tirunelveli,8.7288,77.7046,25.7,6.5,6.7,187,3.3,3,32,113,F,0
965,Tamil Nadu,Salem,11.6521,78.158,26.8,3.4,7.8,2577,164.9,1.5,148825783,160405392,F,0
966,Punjab,Mansa district,29.9833,75.3833,23.3,5.5,7.2,636,9.7,4,1328,4975,F,0
967,Punjab,Mansa district,29.9833,75.3833,22.8,4.7,7.3,1088,23.8,4,28250,56000,F,0
968,Punjab,Mohali district,30.69,76.72,23.3,5.3,7.2,689,11.3,4,1350,6025,F,0
969,Punjab,Mansa district,29.9833,75.3833,21.8,4.9,7.3,1267,23.5,3,24750,54250,F,0
970,Punjab,Mohali district,30.69,76.72,24.3,5.3,7.4,852,13,4,13775,26750,F,0
971,Punjab,Ludhiana,30.9008,75.7721,23.5,4.9,7.5,977,16.5,5,12375,30500,F,0
972,Punjab,Ludhiana,30.9008,75.7721,24,4.4,7.4,1256,24.8,6,25250,55250,F,0
973,Punjab,Mansa district,29.9833,75.3833,23.5,4.8,7.2,1021,20.3,4,22875,43700,F,0
974,Punjab,Mansa district,29.9833,75.3833,23.3,5.1,7.3,971,14.8,5,2125,8425,F,0
975,Punjab,Sangrur,30.2506,75.8442,22.5,4.6,7.4,1284,24.3,4,21500,50000,F,0
976,Punjab,Mansa district,29.9833,75.3833,26,4,7.4,1096,26,3,31750,57500,F,0
977,Punjab,Mansa district,29.9833,75.3833,25.8,4.4,7.3,1002,21.5,4,21000,43750,F,0
982,Rajasthan,Jaipur,26.921,75.7944,30.7,4.8,7.6,295,0.8,0,4,9,C,1
983,Himachal Pradesh,Sirmaur district,30.5628,77.4702,20.3,7.1,7.5,293,1.3,0,9,19,A,1
984,Himachal Pradesh,Sirmaur district,30.5628,77.4702,20.7,7.1,7.5,316,1.4,0,13,22,A,1
985,Himachal Pradesh,Sirmaur district,30.5628,77.4702,20.8,6.6,7.5,274,1.6,0,14,24,A,1
986,Himachal Pradesh,Solan district,30.9084,77.0999,20.6,4.9,7.4,407,16.3,0,51,120,D,0
987,Rajasthan,Sirohi,24.8848,72.8535,28,4.9,8.3,603,1,0,4,5,C,1
988,Rajasthan,Sirohi,24.8848,72.8535,23.4,5.5,7.4,138,0.8,0,4,6,B,1
989,Rajasthan,Pali,25.7898,73.3278,25.3,5.5,8.1,625,1.1,0,4,6,B,1
990,Rajasthan,Hanumangarh,29.6109,74.2951,31.1,5,7.3,305,1.7,0,4,12,B,1
991,Rajasthan,Pali,25.7898,73.3278,26.3,5.6,8.1,552,1.1,0,4,6,B,1
992,Madhya Pradesh,Jabalpur,23.1657,79.9324,22,7.3,7.3,402,2.1,0,4,32,B,1
993,Meghalaya,South Garo Hills district,25.3301,90.5636,24.4,7.2,7.3,99,2.2,1,26,57,B,1
994,Meghalaya,South Garo Hills district,25.3301,90.5636,23.7,7.2,7.4,102,2.2,1,25,56,B,1
995,Meghalaya,East Garo Hills district,25.5672,90.5258,24.6,7.6,7.2,72,1.8,2.56,24,57,B,1
996,Meghalaya,East Jainta hills,25.3101,92.5,23.1,7.1,7.5,131,2.2,3.2,239,413,B,1
997,Meghalaya,East Jainta hills,25.3101,92.5,21.7,5.2,2.9,682,7.8,1.5,16,30,F,0
998,Meghalaya,West Khasi Hills district,25.5625,91.2891,18.2,7.3,7.1,47,1.3,2,15,48,A,1
999,Meghalaya,West Khasi Hills district,25.5625,91.2891,18.8,7.6,7.2,52,1.2,2,16,36,A,1
1000,Meghalaya,West Khasi Hills district,25.5625,91.2891,23.8,8,6.9,64,1.8,3.38,23,49,A,1
1001,Meghalaya,West Khasi Hills district,25.5625,91.2891,17.8,7.9,7.3,46,1.4,1,12,29,A,1
1002,Meghalaya,West Khasi Hills district,25.5625,91.2891,18.7,7.4,7.2,53,1.9,3,14,32,A,1
1003,Meghalaya,West Khasi Hills district,25.5625,91.2891,18.8,7.7,7.2,55,1.6,3,15,63,B,1
1004,Meghalaya,West Khasi Hills district,25.5625,91.2891,21.3,6.8,2.7,1074,3.2,2.33,4,11,F,0
1005,Meghalaya,West Khasi Hills district,25.5625,91.2891,22.6,7.1,6.5,237,3.8,4.56,674,1072,F,0
1006,Meghalaya,East Garo Hills district,25.5672,90.5258,25.2,7.8,7.2,50,1.6,1.77,20,41,A,1
1007,Meghalaya,East Garo Hills district,25.5672,90.5258,24.8,7.3,7.3,71,2,2.66,21,47,B,1
1008,Meghalaya,East Jainta hills,25.3101,92.5,19.9,7.3,7,91,1.8,3.3,20,45,A,1
1009,Meghalaya,East Jainta hills,25.3101,92.5,20.7,7.4,7.1,49,1.7,2.44,19,42,A,1
1010,Meghalaya,East Jainta hills,25.3101,92.5,20.6,6.5,7.1,99,2.7,3.56,1967,2722,C,1
1011,Meghalaya,East Jainta hills,25.3101,92.5,21.5,7.5,5.7,50,1.5,2.21,10,23,F,0
1012,Meghalaya,West Khasi Hills district,25.5625,91.2891,17.7,5.8,6.9,68,3.1,4.9,197,463,F,0
1013,Meghalaya,West Khasi Hills district,25.5625,91.2891,17.9,6.9,7.2,44,1.4,2.66,14,33,A,1
1014,Meghalaya,East Jainta hills,25.3101,92.5,23.9,7.8,7.3,93,1.9,2.99,264,444,B,1
1015,Meghalaya,East Khasi Hills district,25.3682,91.7539,18,6.6,7,66,2.3,4,29,63,B,1
1016,Meghalaya,East Khasi Hills district,25.3682,91.7539,18.4,7.6,7.1,53,1.7,3,23,53,B,1
1017,Meghalaya,East Khasi Hills district,25.3682,91.7539,18.8,7.8,7,47,1.4,2,8,35,A,1
1018,Meghalaya,East Khasi Hills district,25.3682,91.7539,24.8,7.7,7.4,128,1.6,3.32,25,56,B,1
1019,Meghalaya,East Khasi Hills district,25.3682,91.7539,19.3,7.1,7,54,1.8,2.58,20,43,A,1
1020,Meghalaya,East Khasi Hills district,25.3682,91.7539,20.6,7.4,7,69,1.6,3.3,17,87,B,1
1021,Meghalaya,East Khasi Hills district,25.3682,91.7539,20.7,7.5,7.2,58,1.6,2.25,21,46,A,1
1022,Meghalaya,East Khasi Hills district,25.3682,91.7539,18.4,3.1,7.2,401,21.8,19,22556,31444,F,0
1023,Meghalaya,East Khasi Hills district,25.3682,91.7539,19.1,4.7,7.2,202,13.6,15,13444,20056,F,0
1024,Meghalaya,East Khasi Hills district,25.3682,91.7539,19.7,2.1,7.2,303,37.2,18.2,39444,62333,F,0
1025,Meghalaya,East Khasi Hills district,25.3682,91.7539,20.1,1.8,7.2,394,40.6,15.4,57222,96944,F,0
1026,Meghalaya,East Khasi Hills district,25.3682,91.7539,17.6,7.2,6.9,55,1.7,3.04,26,56,B,1
1027,Meghalaya,East Khasi Hills district,25.3682,91.7539,22.7,7.9,7.1,55,1.2,3.55,23,50,B,1
1028,Meghalaya,East Khasi Hills district,25.3682,91.7539,17.9,6.9,6.9,52,2.2,3.48,1576,45,B,1
1029,Meghalaya,East Khasi Hills district,25.3682,91.7539,18.9,1.9,7,306,34.2,17.9,48278,85667,F,0
1030,Meghalaya,East Khasi Hills district,25.3682,91.7539,19.4,4.5,7.1,196,15.5,11,48611,43333,F,0
1031,Meghalaya,South Garo Hills district,25.3301,90.5636,23.7,7.2,7.1,107,6.7,5.56,303,476,F,0
1032,Meghalaya,South Garo Hills district,25.3301,90.5636,22.7,7.5,7,82,2.1,3.02,45,122,B,1
1037,Tripura,South tripura,23.2317,91.5596,27.4,6.6,7.7,165,1.7,0,280,325,B,1
1038,Tripura,South tripura,23.2317,91.5596,21.9,6.7,7.8,167,4.8,1,440,520,D,0
1039,Tripura,West Tripura,23.8997,91.4048,27.5,6.6,7.7,183,3.7,1.55,415,575,E,0
1041,Gujarat,Palanpur,24.1712,72.4319,28,7.2,7.4,319,0.7,0.18,5,10,A,1
1042,Gujarat,Palanpur,24.1712,72.4319,27,6.2,8.4,894,9,0.38,140,350,D,0
1043,Gujarat,Surat,21.1762,72.8295,30,2.2,8,1835,17.9,0.86,10478,25478,E,0
1044,Gujarat,Surat,21.1762,72.8295,31,2,7.7,3165,32.3,3.44,11498,15173,F,0
1045,Gujarat,Jamnagar,22.47,70.07,29,2.4,7.6,1500,6.2,1.31,3,13,E,0
1047,Goa,South Goa,15.1177,74.124,30,6.1,6.8,408,1.3,0.17,1300,3808,C,1
1048,Goa,South Goa,15.1177,74.124,30,5.5,6.9,143,1.3,0.09,4100,11113,D,0
1049,Goa,South Goa,15.1177,74.124,29,5.4,7.2,60,1.5,0.08,428,2309,C,1
1050,Goa,South Goa,15.1177,74.124,29,5.8,7.2,34,5.3,0.17,855,3322,D,0
1051,Goa,South Goa,15.1177,74.124,29,5.9,6.7,125,1.5,0.14,1638,5793,D,0
1052,Goa,South Goa,15.1177,74.124,28,6.4,6.7,175,1.3,0.1,772,3636,C,1
1053,Goa,South Goa,15.1177,74.124,30,6.2,7.7,39,1.3,0.06,1296,4517,C,1
1054,Goa,South Goa,15.1177,74.124,30,6.1,7.8,39,1.5,0.06,1032,5840,D,0
1055,Goa,South Goa,15.1177,74.124,27,7.3,6.9,61,0.7,0.09,1430,4388,C,1
1056,Goa,South Goa,15.1177,74.124,28,6.8,6.6,71,1.5,0.14,2495,3949,C,1
1057,Goa,South Goa,15.1177,74.124,29,7.4,6.5,129,2.3,0.49,5868,16691,E,0
1058,Goa,South Goa,15.1177,74.124,28,7,6.8,503,1.6,0.66,965,2404,C,1
1059,Goa,South Goa,15.1177,74.124,29,6.3,7.5,31,1.6,0.06,1466,4267,C,1
1060,Goa,South Goa,15.1177,74.124,29,7.1,6.8,70,0.8,0.17,716,3567,C,1
1061,Goa,South Goa,15.1177,74.124,30,7.3,6.8,69,1.2,0.12,457,2446,C,1
1062,Goa,South Goa,15.1177,74.124,28,6.7,6.6,118,1,0.22,1104,3496,C,1
1063,Goa,South Goa,15.1177,74.124,28,7.4,6.8,80,1.3,0.06,274,1404,C,1
1064,Goa,South Goa,15.1177,74.124,29,4.5,6.6,250,2.4,0.16,1572,5889,D,0
1065,Goa,South Goa,15.1177,74.124,28,6.1,6.9,74,1.8,0.19,1074,3937,C,1
1066,Goa,South Goa,15.1177,74.124,30,5.9,7.3,44,1.6,0.14,962,2794,C,1
1067,Goa,South Goa,15.1177,74.124,30,2.4,6.5,195,4.8,0.35,7980,14217,E,0
1068,Goa,South Goa,15.1177,74.124,31,4,6.8,207,1.8,0.34,818,2280,C,1
1069,Goa,South Goa,15.1177,74.124,29,5.4,7.6,40,1.6,0.07,290,1330,C,1
1070,Goa,South Goa,15.1177,74.124,30,5.3,7.6,41,1.4,0.08,952,2517,C,1
1071,Goa,South Goa,15.1177,74.124,29,7,6.9,54,0.8,0.21,667,3059,C,1
1072,Goa,South Goa,15.1177,74.124,29,5.9,7.7,44,2.1,0.08,1200,831,C,1
1073,Goa,South Goa,15.1177,74.124,29,7.1,6.5,60,1.7,0.13,2926,8163,E,0
1074,Maharashtra,Raigad Fort,18.235,73.4478,29,6.9,7.7,99,3.3,0.56,53,123,D,0
1075,Maharashtra,Thane,19.4305,72.9656,30,6.6,7.9,123,3.2,0.52,44,104,D,0
1076,Maharashtra,Thane,19.4305,72.9656,27,6.6,7.7,220,3.6,0.65,25,77,D,0
1077,Maharashtra,Thane,19.4305,72.9656,27,6.8,7.7,219,3.4,0.63,23,75,D,0
1079,Maharashtra,Dhule district,21.0577,74.6869,23,6.4,8,493,4.2,3.91,17,68,F,0
1080,Maharashtra,Raigad Fort,18.235,73.4478,29,6.8,7.6,100,3,0.54,124,295,D,0
1081,Maharashtra,Ratnagiri,16.98,73.3,29,6.7,7.5,316,4.6,0.6,47,132,D,0
1082,Maharashtra,Raigad Fort,18.235,73.4478,28,5.8,7.9,37227,9.5,1.42,231,451,F,0
1083,Maharashtra,Raigad Fort,18.235,73.4478,29,6.9,7.7,84,3.1,0.42,69,168,D,0
1084,Maharashtra,Ratnagiri,16.98,73.3,25,4.9,7.6,21254,55.5,2.18,560,964,F,0
1085,Maharashtra,Ratnagiri,16.98,73.3,28,6.9,7.9,312,2.7,1.58,4,107,B,1
1086,Maharashtra,Raigad Fort,18.235,73.4478,29,6.8,7.5,146,3,0.6,124,241,D,0
1087,Maharashtra,Raigad Fort,18.235,73.4478,29,6.7,7.3,127,2.9,0.59,100,209,B,1
1088,Maharashtra,Raigad Fort,18.235,73.4478,29,5.6,6.9,432,4.5,1.72,58,173,E,0
1089,Maharashtra,Raigad Fort,18.235,73.4478,29,6.5,7.3,126,3,0.59,132,284,D,0
1090,Maharashtra,Raigad Fort,18.235,73.4478,30,7.1,7.5,128,3,0.6,136,297,D,0
1091,Maharashtra,Raigad Fort,18.235,73.4478,30,6.4,7.3,129,3.1,0.6,68,191,D,0
1092,Maharashtra,Raigad Fort,18.235,73.4478,29,6.9,7.7,129,2.9,0.55,135,268,B,1
1093,Maharashtra,Thane,19.4305,72.9656,25,7,7.9,153,2.9,0.55,30,86,B,1
1094,Maharashtra,Pune district,18.6833,74.03,30,6.4,7.6,10165,3.7,2.14,5,139,F,0
1095,Maharashtra,Raigad Fort,18.235,73.4478,30,6.9,7.7,307,2.8,3.6,4,123,B,1
1096,Maharashtra,Raigad Fort,18.235,73.4478,31,6.3,7.7,322,3.5,1.1,4,116,D,0
1097,Maharashtra,Raigad Fort,18.235,73.4478,30,6.5,7.5,5835,3.4,1.72,4,126,F,0
1098,Maharashtra,Raigad Fort,18.235,73.4478,30,6.3,7.4,9245,4.7,2,4,134,F,0
1099,Maharashtra,Thane,19.4305,72.9656,28,6.5,8.1,1907,4,0.55,46,115,D,0
1100,Maharashtra,Thane,19.4305,72.9656,28,7,8,1896,3.5,0.64,190,245,D,0
1101,Maharashtra,Thane,19.4305,72.9656,28,7,8,206,2.9,0.56,31,74,B,1
1102,Maharashtra,Thane,19.4305,72.9656,27,6.8,7.8,239,3.3,0.56,33,77,D,0
1103,Maharashtra,Thane,19.4305,72.9656,27,6.4,7.6,152,3.2,0.96,62,142,D,0
1104,Maharashtra,Thane,19.4305,72.9656,26,6.7,7.7,146,3,0.89,30,73,D,0
1105,Maharashtra,Thane,19.4305,72.9656,27,6.7,7.6,137,2.9,0.76,24,64,B,1
1106,Maharashtra,Thane,19.4305,72.9656,28,6.6,7.8,228,3.5,0.57,30,79,D,0
1107,Maharashtra,Thane,19.4305,72.9656,23,7,7.7,409,2.4,0.93,4,112,B,1
1108,Maharashtra,Ratnagiri,17.2478,73.3709,22,6.8,7.6,263,2.9,0.81,4,123,B,1
1109,Maharashtra,Ratnagiri,17.2478,73.3709,23,6.9,7.5,338,2.3,3.93,4,108,B,1
1110,Kerala,Kollam,8.88,76.6,26,7,7.2,79,0.8,0.62,279,637,C,1
1111,Kerala,Kollam,8.88,76.6,26,6.6,7,67,1.1,0.53,275,670,C,1
1112,Kerala,Kollam,8.88,76.6,26,6.6,7.3,59,0.7,0.57,281,541,C,1
1113,Kerala,Kollam,8.88,76.6,26,6.2,7.3,66,0.8,0.55,303,609,C,1
1114,Kerala,Kannur,11.8608,75.414,26,7.1,7,67,1,0.34,170,538,C,1
1115,Kerala,Kannur,11.8608,75.414,26,7,6.7,5341,1.1,0.37,158,528,C,1
1116,Kerala,Pathanamthitta,9.2656,76.7853,29,6.7,7.3,89,1.1,0.35,1163,2025,C,1
1117,Kerala,Malappuram,11.041,76.083,28,6.2,7.3,136,1,0.46,296,676,C,1
1118,Kerala,Malappuram,11.041,76.083,28,7.1,8.1,212,0.9,0.56,524,992,C,1
1119,Kerala,Thrissur,10.52,76.21,29,6.3,6.3,134,1.2,0.67,224,780,C,1
1120,Kerala,Malappuram,11.041,76.083,26,7.3,7.2,76,0.6,0.31,468,893,C,1
1121,Kerala,Malappuram,11.041,76.083,26,7,7.3,11041,0.9,0.29,256,503,C,1
1122,Kerala,Malappuram,11.041,76.083,28,6.8,7.1,75,0.8,0.5,693,1169,C,1
1123,Kerala,Kasaragod,12.4997,74.987,29,7.4,7.2,61,0.7,0.11,54,255,B,1
1124,Kerala,Kasaragod,12.4997,74.987,28,1.7,6.6,769,3.4,1.11,556,1717,E,0
1125,Kerala,Kasaragod,12.4997,74.987,26,6.1,7.5,14083,1.4,0.25,920,2686,C,1
1126,Kerala,Kollam,8.88,76.6,26,6.6,7.2,92,0.8,0.77,332,660,C,1
1127,Kerala,Kollam,8.88,76.6,25,6.6,7.2,1348,0.8,1.01,392,810,C,1
1128,Kerala,Kozhikode,11.2591,75.782,29,6,6.7,95,1.2,0.29,253,680,C,1
1129,Kerala,Kozhikode,11.2591,75.782,29,6.6,6.8,78,1,0.2,275,626,C,1
1130,Kerala,Kasaragod,12.4997,74.987,28,0.6,6.7,268,4.1,1.28,400,1308,E,0
1131,Kerala,Kasaragod,12.4997,74.987,27,1.8,6.6,82,2,0.39,399,1410,E,0
1132,Kerala,Kollam,8.88,76.6,25,7.1,7.2,61,1,0.34,251,608,C,1
1133,Kerala,Kozhikode,11.2591,75.782,26,3.9,7.6,30298,2.5,0.59,4830,7240,F,0
1134,Kerala,Palakkad,10.7925,76.5553,27,6.6,8,310,1.1,0.54,517,783,C,1
1135,Kerala,Wayanand,11.6854,76.132,27,7,7.1,97,0.8,0.35,45,77,B,1
1136,Kerala,Kasaragod,12.4997,74.987,29,7.3,7,51,0.7,0.18,65,258,B,1
1137,Kerala,Thiruvananthapuram,8.4875,76.9525,29,0.5,7.1,1717,21.2,4.41,3317,15833,F,0
1138,Kerala,Thiruvananthapuram,8.4875,76.9525,29,7,7.4,55,0.9,0.32,800,1400,C,1
1139,Kerala,Thiruvananthapuram,8.4875,76.9525,29,6.1,6.8,67,1.1,0.58,80,394,B,1
1140,Kerala,Palakkad,10.7925,76.5553,27,7,6.7,61,1.3,0.28,168,248,B,1
1141,Kerala,Thrissur,10.52,76.21,30,5.2,6.9,81,1.5,0.37,71,465,B,1
1142,Kerala,Thrissur,10.52,76.21,27,6.1,8,510,1.1,0.72,784,1572,C,1
1143,Kerala,Kannur,11.8608,75.414,27,6.5,6.9,12150,1.8,0.52,711,1481,C,1
1144,Kerala,Kannur,11.8608,75.414,25,7.9,7.2,50,1.1,0.3,319,845,C,1
1145,Kerala,Kozhikode,11.2591,75.782,25,7.5,6.9,34,0.9,0.14,110,256,B,1
1146,Kerala,Thiruvananthapuram,8.4875,76.9525,26,7,7.4,72,1,0.38,496,897,C,1
1147,Kerala,Thiruvananthapuram,8.4875,76.9525,29,7.3,7.3,99,0.9,0.23,1088,1788,C,1
1148,Kerala,Kottayam,9.58,76.52,27,7.5,6.9,125,1.6,0.45,970,1400,C,1
1149,Kerala,Kottayam,9.58,76.52,27,6.8,6.9,116,1.7,0.4,825,1260,C,1
1150,Kerala,Kottayam,9.58,76.52,27,5.8,7.3,107,0.9,0.88,232,343,B,1
1151,Kerala,Wayanand,11.6854,76.132,28,7.1,7.2,85,0.8,0.31,67,184,B,1
1152,Kerala,Wayanand,11.6854,76.132,26,6.8,7.1,58,0.7,0.46,2010,3460,C,1
1153,Kerala,Kasaragod,12.4997,74.987,29,5.7,7.3,13197,1.5,0.35,46,144,B,1
1154,Kerala,Kasaragod,12.4997,74.987,27,6.7,7.1,58,1.2,0.39,964,1739,C,1
1155,Kerala,Kasaragod,12.4997,74.987,28,7,6.9,3453,0.9,0.17,56,278,B,1
1156,Kerala,Kasaragod,12.4997,74.987,29,6.5,7,14369,1.3,0.27,63,175,B,1
1157,Kerala,Thiruvananthapuram,8.4875,76.9525,28,6.6,7.3,70,1.4,0.39,838,1875,C,1
1158,Kerala,Thiruvananthapuram,8.4875,76.9525,29,7,7.3,60,0.8,0.18,631,1813,C,1
1159,Kerala,Pathanamthitta,9.2656,76.7853,26,6.3,7.2,97,0.8,0.56,357,880,C,1
1160,Kerala,Alappuzha,9.49,76.33,28,6,7,63,1.1,1.04,243,493,B,1
1161,Kerala,Alappuzha,9.49,76.33,28,4.4,7.1,113,1.5,1.17,358,722,C,1
1162,Kerala,Idukki,9.85,76.97,28,4.5,7.2,79,1,1.04,279,537,C,1
1163,Kerala,Idukki,9.85,76.97,28,5.1,6.9,1789,2.1,0.68,408,1946,C,1
1164,Kerala,Idukki,9.85,76.97,27,7.5,7.2,36,1.1,0.27,282,1134,C,1
1165,Kerala,Idukki,9.85,76.97,28,6.8,7,59,1.3,0.32,648,2267,C,1
1166,Kerala,Idukki,9.85,76.97,28,6.8,6.9,114,1.4,0.23,388,1785,C,1
1167,Kerala,Idukki,9.85,76.97,28,5.9,6.8,1108,2.2,0.62,386,1520,C,1
1168,Kerala,Idukki,9.85,76.97,28,4.9,6.7,88,2.2,0.28,480,2200,C,1
1169,Kerala,Idukki,9.85,76.97,28,6.8,6.9,1686,1.4,0.25,236,1223,C,1
1170,Kerala,Idukki,9.85,76.97,28,7.1,6.9,45,1.2,0.29,451,1636,C,1
1171,Kerala,Kannur,11.8608,75.414,26,6.9,6.6,56,1.1,0.3,177,542,C,1
1172,Kerala,Thrissur,10.52,76.21,28,6.5,6.3,49,1,0.22,87,323,C,1
1173,Kerala,Thrissur,10.52,76.21,29,4.9,6.6,169,2.1,0.76,250,1241,C,1
1174,Kerala,Kottayam,9.58,76.52,28,4.2,6.5,19575,1.4,0.39,210,528,C,1
1175,Kerala,Kottayam,9.58,76.52,28,6.9,7.1,63,0.9,0.16,152,336,B,1
1176,Kerala,Kannur,11.8608,75.414,26,6.6,6.7,69,0.8,0.38,185,464,B,1
1177,Kerala,Kannur,11.8608,75.414,29,4.5,6.6,6381,2.1,0.34,196,435,C,1
1178,Kerala,Kasaragod,12.4997,74.987,29,6.2,7.2,9326,1.3,0.22,61,141,B,1
1179,Kerala,Kasaragod,12.4997,74.987,27,6.6,7.1,15158,1.1,0.26,126,810,C,1
1180,Kerala,Kasaragod,12.4997,74.987,29,6.3,7.3,74,1.2,0.29,725,1813,C,1
1181,Andhra Pradesh,Visakhapatnam,17.7085,83.2438,27,6,7.6,429,1.1,1.1,3,362,B,1
1182,Andhra Pradesh,Visakhapatnam,17.7085,83.2438,27,6,7.8,308,1.1,1.47,3,343,B,1
1183,Andhra Pradesh,Khammam,17.25,80.15,20,5.8,7.4,505,0.6,0.73,4,1517,C,1
1184,Andhra Pradesh,Khammam,17.25,80.15,24,6.1,7.5,465,0.5,0.34,4,1458,C,1
1185,Karnataka,Uttara Kannada,14.6,74.7,28,6.4,7.1,183,2.3,0.62,209,398,B,1
1186,Karnataka,Uttara Kannada,14.6,74.7,27,7.1,7.4,135,1.9,0.72,419,995,C,1
1189,Odisha,Balasore,21.4916,86.915,22,7.8,7.9,213,1.5,0.35,7742,15083,D,0
1190,Odisha,Balasore,21.4916,86.915,22,7.7,8.1,312,2,0.75,12675,32017,D,0
1191,Odisha,Rayagada,19.1754,83.4109,24,6.9,7.6,99,1.6,1.39,3066,5395,E,0
1192,Odisha,Rayagada,19.1754,83.4109,27,7.3,8,230,1.6,0.69,2346,4348,C,1
1193,Odisha,Rayagada,19.1754,83.4109,26,6.8,8.1,264,2.6,1.16,2428,5142,D,0
1194,Odisha,Rayagada,19.1754,83.4109,25,7.2,8.1,272,3.1,1.46,2196,4586,E,0
1195,Odisha,Ganjam,19.38,85.07,28,8,8.3,312,1.4,0.73,1618,4319,C,1
1196,Odisha,Ganjam,19.38,85.07,29,8.2,8,19595,2,0.94,624,1116,C,1
1197,Odisha,Muniguda,19.63,83.49,26,7,8,199,1.8,1.11,1503,3573,C,1
1198,Odisha,Rayagada,19.1754,83.4109,28,7.2,8.1,201,1.6,0.36,1239,2324,C,1
1204,Tamil Nadu,Tirupattur,12.5,78.6,27,6.8,7.5,890,2.1,0.51,274,589,C,1
1205,Tamil Nadu,Tirunelveli,8.7288,77.7046,23,7.3,7.6,160,1.9,0.06,32,89,B,1
1206,Tamil Nadu,Tirunelveli,8.7288,77.7046,25,7,7.7,111,2.2,0.08,53,131,B,1
1207,Tamil Nadu,Tirunelveli,8.7288,77.7046,26,6.7,7.7,139,3.1,0.22,123,300,D,0
1208,Tamil Nadu,Thoothukudi,8.81,78.14,29,7.2,7.2,288,2.1,0.14,33,91,B,1
1209,Tamil Nadu,Tirunelveli,8.7288,77.7046,24,7,7.1,95,1.9,0.08,47,118,B,1
1210,Tamil Nadu,Thoothukudi,8.81,78.14,24,7,7.5,84,1.7,0.06,32,87,B,1
1211,Tamil Nadu,Thoothukudi,8.81,78.14,29,7.4,7,3101,15.6,0.15,76,174,D,0
1212,Tamil Nadu,Thoothukudi,8.81,78.14,29,7.2,7.3,510,2.9,0.08,46,123,B,1
1213,Tamil Nadu,Tirunelveli,8.7288,77.7046,24,7.1,7.4,88,1.8,0.07,34,90,B,1
1214,Tamil Nadu,Tirunelveli,8.7288,77.7046,29,7.2,6.9,338,3.8,0.07,44,104,D,0
1215,Tamil Nadu,Tirunelveli,8.7288,77.7046,26,6.7,7.6,162,3.3,0.16,90,249,D,0
1216,Tamil Nadu,Tirunelveli,8.7288,77.7046,27,6.7,7.6,182,4.1,0.15,92,251,D,0
1217,Tamil Nadu,Salem,11.6521,78.158,32,0.2,7.2,2219,185.8,1.75,180000000,300000000,F,0
1219,Punjab,Mansa district,29.9833,75.3833,21,5.5,7.4,635,8.8,5.08,1400,5500,F,0
1220,Punjab,Mansa district,29.9833,75.3833,24,5.5,7.4,1051,25,6.8,32000,63000,F,0
1221,Punjab,Mohali district,30.69,76.72,21,5.3,7.3,636,9.9,5,2150,10000,F,0
1222,Punjab,Mansa district,29.9833,75.3833,24,5.1,7.4,993,21.9,6.63,36250,57750,F,0
1223,Punjab,Mohali district,30.69,76.72,21,5.3,7.5,632,13.5,5.08,20000,34750,F,0
1224,Punjab,Ludhiana,30.9008,75.7721,18,4.9,7.4,973,17.5,4.77,22000,40667,F,0
1225,Punjab,Ludhiana,30.9008,75.7721,22,4.3,7.5,1156,24.5,7.65,33750,65000,F,0
1226,Punjab,Mansa district,29.9833,75.3833,22,4.8,7.4,904,26,8.6,31750,55000,F,0
1227,Punjab,Mansa district,29.9833,75.3833,21,5.1,7.4,1110,16,14.85,3475,12000,F,0
1228,Punjab,Sangrur,30.2506,75.8442,24,5.3,7.4,1290,26.9,8.1,36250,66250,F,0
1229,Punjab,Mansa district,29.9833,75.3833,22,4.9,7.4,990,27.8,6.78,19000,40500,F,0
1230,Punjab,Mansa district,29.9833,75.3833,22,5.2,7.4,914,20.5,6.18,14750,29500,F,0
1234,Rajasthan,Hanumangarh,29.6109,74.2951,33,4.8,7.5,280,2.4,0.72,3,4,C,1
1235,Himachal Pradesh,Sirmaur district,30.5628,77.4702,20,7.7,7.4,344,1.2,0.37,9,19,A,1
1236,Himachal Pradesh,Sirmaur district,30.5628,77.4702,20,7.3,7,310,1.4,0.38,13,22,A,1
1237,Himachal Pradesh,Sirmaur district,30.5628,77.4702,20,7.1,7.7,303,1.5,0.34,13,23,A,1
1239,Himachal Pradesh,Solan district,30.5628,77.4702,18,6.2,7.5,788,41.5,4.08,105,235,F,0
1240,Rajasthan,Hanumangarh,29.6109,74.2951,24,6,8.3,468,1.4,0.43,5,16,A,1
1241,Rajasthan,Sirohi,24.8848,72.8535,19,5.9,7.3,234,1.5,0.36,4,12,B,1
1242,Rajasthan,Pali,25.7898,73.3278,23,6.4,8,527,1.2,0.35,5,21,A,1
1243,Rajasthan,Pali,25.7898,73.3278,24,5.9,7.9,796,1.5,0.48,4,14,B,1
1285,Meghalaya,South Garo Hills district,25.3301,90.5636,25,7.7,7.2,95,1.8,2.67,22,50,B,1
1286,Meghalaya,South Garo Hills district,25.3301,90.5636,25,7.6,7.2,92,2.5,2.41,20,45,B,1
1287,Meghalaya,East Garo Hills district,25.5672,90.5258,25,9.9,7.2,65,1.5,2.31,21,55,B,1
1288,Meghalaya,East Garo Hills district,25.5672,90.5258,24,7.6,7.4,93,2.1,2.89,276,408,B,1
1289,Meghalaya,East Jainta hills,25.3101,92.5,22,5.5,2.9,568,6.8,1.12,18,33,F,0
1290,Meghalaya,West Khasi Hills district,25.5625,91.2891,16,7.6,7,42,1.3,3.01,11,27,A,1
1291,Meghalaya,West Khasi Hills district,25.5625,91.2891,17,7.7,7.1,45,1.4,2.89,9,22,A,1
1292,Meghalaya,West Khasi Hills district,25.5625,91.2891,23,8.3,7,59,1.7,2.86,16,33,A,1
1293,Meghalaya,East Garo Hills district,25.5672,90.5258,25,6.9,2.6,1072,3.2,1.17,3,21,F,0
1294,Meghalaya,East Garo Hills district,25.5672,90.5258,25,7.7,6.3,250,2.1,3.88,180,326,C,1
1295,Meghalaya,East Garo Hills district,25.5672,90.5258,25,8.8,7.3,37,1.5,1.62,15,35,A,1
1296,Meghalaya,East Garo Hills district,25.5672,90.5258,25,7.3,7.3,72,2,1.65,17,36,B,1
1297,Meghalaya,East Jainta hills,25.3101,92.5,20,7.5,7,38,1.7,2.2,18,40,A,1
1417,Kerala,Kollam,8.88,76.6,26,5.6,7,12769,1.2,0.41,725,1650,C,1
1298,Meghalaya,East Jainta hills,25.3101,92.5,22,7.8,7.1,44,1.6,2.62,15,33,A,1
1299,Meghalaya,East Jainta hills,25.3101,92.5,20,7,7,100,2.4,3.03,1967,2600,C,1
1300,Meghalaya,East Jainta hills,25.3101,92.5,21,7.5,6.3,52,1.7,0.82,7,21,C,1
1301,Meghalaya,West Khasi Hills district,25.5625,91.2891,16,6.4,6.9,61,2.6,3.88,227,538,C,1
1302,Meghalaya,West Khasi Hills district,25.5625,91.2891,17,7.5,7.1,39,1.4,2.88,12,22,A,1
1303,Meghalaya,West Khasi Hills district,25.5625,91.2891,17,8,7.1,41,1.4,3.35,10,25,A,1
1304,Meghalaya,East Khasi Hills district,25.3682,91.7539,24,7.9,7.3,93,1.7,5.02,295,418,B,1
1305,Meghalaya,East Khasi Hills district,25.3682,91.7539,18,7.5,6.9,69,1.9,4.92,20,49,A,1
1306,Meghalaya,East Khasi Hills district,25.3682,91.7539,18,7.9,7.2,46,1.7,2.72,20,45,A,1
1307,Meghalaya,East Khasi Hills district,25.3682,91.7539,18,8,7.2,42,1.4,2.47,5,31,A,1
1308,Meghalaya,East Khasi Hills district,25.3682,91.7539,25,7.7,7.1,101,1.5,3.42,16,43,A,1
1309,Meghalaya,East Khasi Hills district,25.3682,91.7539,19,7.2,7.1,49,1.6,2.86,17,40,A,1
1310,Meghalaya,East Khasi Hills district,25.3682,91.7539,21,8.2,7.1,49,1.2,2.81,15,32,A,1
1311,Meghalaya,East Khasi Hills district,25.3682,91.7539,21,7.8,7.1,58,1.5,2.97,19,43,A,1
1312,Meghalaya,East Khasi Hills district,25.3682,91.7539,18,3.9,7.1,235,16.9,16.61,16500,23000,F,0
1313,Meghalaya,East Khasi Hills district,25.3682,91.7539,18,4.9,7.1,182,14.2,11.61,10417,15500,F,0
1314,Meghalaya,East Khasi Hills district,25.3682,91.7539,19,2.7,7.1,281,35.4,14.84,41000,62667,F,0
1315,Meghalaya,East Khasi Hills district,25.3682,91.7539,19,2.5,7.1,382,37.2,11.81,53083,87167,F,0
1316,Meghalaya,East Khasi Hills district,25.3682,91.7539,18,8,7,48,1.4,3.8,17,41,A,1
1317,Meghalaya,East Khasi Hills district,25.3682,91.7539,24,8.4,7.1,48,1.2,3.08,18,45,A,1
1318,Meghalaya,East Khasi Hills district,25.3682,91.7539,17,6.8,6.6,49,1.9,3.07,18,38,A,1
1319,Meghalaya,East Khasi Hills district,25.3682,91.7539,18,2.1,7,286,45.6,10.61,51250,84500,F,0
1320,Meghalaya,East Khasi Hills district,25.3682,91.7539,19,4,7.1,194,22.4,10.47,29500,45250,F,0
1321,Meghalaya,East Khasi Hills district,25.3682,91.7539,24,7.7,7.2,107,6.6,3.02,285,425,F,0
1322,Meghalaya,East Khasi Hills district,25.3682,91.7539,22,7.6,7.1,51,2,2.6,37,81,B,1
1323,Meghalaya,West Khasi Hills district,25.5625,91.2891,20,7.7,7.1,46,1.6,3.93,8,22,A,1
1324,Meghalaya,West Khasi Hills district,25.5625,91.2891,20,7.7,7.1,49,1.9,3.89,11,26,A,1
1325,Mizoram,Aizawl district,23.8789,92.8976,24,6.5,7.4,297,1,0.13,26,438,B,1
1326,Mizoram,Aizawl district,23.8789,92.8976,24,6.3,7.5,287,0.9,0.14,5,204,B,1
1327,Mizoram,Lunglei district,22.8831,92.6984,24,6.5,7.2,375,1.1,0.17,33,625,C,1
1328,Mizoram,Lunglei district,22.8831,92.6984,24,6.9,6.9,349,1.1,0.18,38,503,C,1
1330,Tripura,South tripura,23.2317,91.5596,28,6.4,8,155,3.9,0.5,512,516,D,0
1331,Tripura,West Tripura,23.8997,91.4048,27,6.5,8,168,4.2,0.99,488,616,D,0
1334,Daman and Diu,Daman and Diu,20.3974,72.8328,28.1,4.6,8,23576,158.8,6.88,35,46,F,0
1341,Gujarat,Patan,23.83,72.12,27.6,7.1,7.3,212,1.4,0.84,3,6,A,1
1342,Gujarat,Patan,23.83,72.12,28.2,5,8.3,12771,4.1,1.48,7,30,F,0
1343,Gujarat,Kheda,22.7485,72.6706,28,6.7,8,304,1.5,0.18,1500,3550,C,1
1344,Gujarat,Surat,21.1762,72.8295,28.5,5.8,7.7,1315,2.5,0.22,1900,6800,D,0
1345,Gujarat,Navsari,20.9491,72.9136,29.5,5.9,7.6,36593,3.9,0.07,1200,3200,D,0
1346,Gujarat,Palanpur,24.1712,72.4319,27,7.6,7.7,1291,10,0.34,23,77,D,0
1347,Gujarat,Navsari,20.9491,72.9136,29.5,6,7.7,18865,3.6,3.12,900,2450,F,0
1348,Gujarat,Valsad,20.63,72.93,27,4.3,8.4,605,6.5,1.68,5,15,E,0
1349,Gujarat,Valsad,20.63,72.93,26.7,3.7,8.2,600,4.3,1.66,6,20,E,0
1350,Gujarat,Navsari,20.9491,72.9136,27,4.6,7.2,729,4,0.33,900,2300,D,0
1352,Goa,South Goa,15.1177,74.124,28.7,6.8,6.5,43,1.1,0.42,8,178,C,1
1353,Goa,South Goa,15.1177,74.124,29.3,6.6,7,59,1.1,0.27,8,113,B,1
1354,Goa,South Goa,15.1177,74.124,28.8,6,6.2,106,1.5,0.28,9,166,C,1
1355,Goa,South Goa,15.1177,74.124,28.3,5.9,6.6,516,1.1,0.18,8,169,B,1
1356,Goa,South Goa,15.1177,74.124,25.8,7.3,6.1,87,0.9,0.33,6,169,C,1
1357,Goa,South Goa,15.1177,74.124,28.3,7.3,5.9,74,1.5,0.22,8,163,F,0
1358,Goa,South Goa,15.1177,74.124,27.8,6.7,6.3,127,2,0.44,10,149,C,1
1359,Goa,South Goa,15.1177,74.124,26,6.8,6.2,226,1.6,0.18,9,151,C,1
1360,Goa,South Goa,15.1177,74.124,27.8,7.1,5.9,93,1.8,0.28,9,131,F,0
1361,Goa,South Goa,15.1177,74.124,26.3,7.4,6.2,76,1.3,0.41,11,133,C,1
1362,Goa,South Goa,15.1177,74.124,25.7,7.3,6.2,113,1.2,0.33,9,137,C,1
1363,Goa,South Goa,15.1177,74.124,29,7.3,5.9,100,1.3,0.27,6,173,F,0
1364,Goa,South Goa,15.1177,74.124,26.9,6,5.9,273,1.8,0.31,10,171,F,0
1365,Goa,South Goa,15.1177,74.124,27,6.1,6.5,201,2,0.43,9,149,C,1
1366,Goa,South Goa,15.1177,74.124,27.5,6.2,6.3,245,1.8,0.31,7,135,C,1
1367,Goa,South Goa,15.1177,74.124,28.3,7,6.5,75,0.9,0.22,7,166,C,1
1368,Goa,South Goa,15.1177,74.124,29,7.3,6,74,1.6,0.11,8,181,F,0
1369,Maharashtra,Raigad Fort,18.235,73.4478,28.2,7.1,7.9,108,3.3,0.42,65,137,D,0
1371,Maharashtra,Thane,19.4305,72.9656,27.4,7,8,129,3.5,0.49,40,105,D,0
1372,Maharashtra,Thane,19.4305,72.9656,27.3,7,8,130,3.3,0.46,33,93,D,0
1373,Maharashtra,Ratnagiri,16.98,73.3,28.5,5.7,7.4,2323,6.3,1.47,400,541,F,0
1374,Maharashtra,Dhule district,21.0577,74.6869,28.4,5.9,7.6,462,4.9,2.47,23,63,F,0
1375,Maharashtra,Raigad Fort,18.235,73.4478,28.4,7,7.7,107,3.8,0.4,131,285,D,0
1376,Maharashtra,Ratnagiri,16.98,73.3,28.9,6.2,7.4,299,5.1,0.95,209,401,D,0
1377,Maharashtra,Raigad Fort,18.235,73.4478,28.2,5.9,7.8,33259,6.8,1.61,114,228,F,0
1378,Maharashtra,Raigad Fort,18.235,73.4478,28.9,7.2,7.9,77,3.2,0.42,164,282,D,0
1379,Maharashtra,Raigad Fort,18.235,73.4478,27,3.2,7.4,28018,46,1.67,908,1164,F,0
1380,Maharashtra,Ratnagiri,16.98,73.3,27.9,6.8,7.8,350,2.6,1.99,2,72,B,1
1381,Maharashtra,Ratnagiri,16.98,73.3,26.8,6.9,7.5,133,3.2,0.55,252,409,D,0
1382,Maharashtra,Thane,19.4305,72.9656,27.2,6.9,7.5,143,3.4,0.54,149,307,D,0
1383,Maharashtra,Raigad Fort,18.235,73.4478,26.8,6.1,6.9,609,4.2,3.1,65,135,F,0
1384,Maharashtra,Raigad Fort,18.235,73.4478,26.9,6.8,7.4,129,3.2,0.86,51,133,D,0
1385,Maharashtra,Raigad Fort,18.235,73.4478,26.8,6.7,7.4,130,3.2,0.75,45,124,D,0
1386,Maharashtra,Raigad Fort,18.235,73.4478,26.9,6.6,7.4,130,5,0.74,67,158,D,0
1387,Maharashtra,Raigad Fort,18.235,73.4478,26.9,6.7,7.5,120,3.6,0.73,85,226,D,0
1388,Maharashtra,Thane,19.4305,72.9656,26.2,7.1,7.9,139,3.2,0.45,74,147,D,0
1389,Maharashtra,Pune district,18.6833,74.03,27.4,6,7.4,13925,59.1,3.08,4,116,F,0
1390,Maharashtra,Pune district,18.6833,74.03,26.4,6.7,7.7,274,2.3,2.04,5,88,B,1
1391,Maharashtra,Pune district,18.6833,74.03,26.7,6.3,7.9,326,2.5,2.32,2,71,B,1
1392,Maharashtra,Raigad Fort,18.235,73.4478,27.3,6.3,7.9,7392,2.4,6.41,4,71,B,1
1393,Maharashtra,Raigad Fort,18.235,73.4478,27.4,6.3,7.7,12051,4.4,5.37,4,102,F,0
1394,Maharashtra,Thane,19.4305,72.9656,27.6,7,8.3,162,3.8,0.48,44,90,D,0
1395,Maharashtra,Thane,19.4305,72.9656,27.5,7,8.3,212,3.6,0.44,47,90,D,0
1396,Maharashtra,Thane,19.4305,72.9656,27.5,7.1,8.3,227,3.2,0.48,67,124,D,0
1397,Maharashtra,Thane,19.4305,72.9656,26.9,6.8,8.2,314,4.3,0.45,28,69,D,0
1398,Maharashtra,Thane,19.4305,72.9656,25.9,6.8,7.8,151,3.4,0.5,601,740,D,0
1399,Maharashtra,Thane,19.4305,72.9656,25.9,7,7.8,123,3.4,0.44,42,100,D,0
1400,Maharashtra,Thane,19.4305,72.9656,26,6.9,7.8,139,3.3,0.76,85,169,D,0
1401,Maharashtra,Thane,19.4305,72.9656,26.9,6.8,8.2,313,4,0.49,49,99,D,0
1402,Maharashtra,Ratnagiri,16.98,73.3,24.8,6.7,7.8,215,2.5,0.83,2,51,B,1
1403,Maharashtra,Ratnagiri,16.98,73.3,26.2,6.7,7.8,204,2.5,0.77,2,68,B,1
1404,Maharashtra,Ratnagiri,16.98,73.3,25.3,6.9,7.7,205,2.2,0.93,2,55,B,1
1405,Kerala,Kollam,8.88,76.6,26.6,7.1,6.9,72,0.5,0.25,278,641,C,1
1406,Kerala,Kollam,8.88,76.6,26.8,6.6,6.9,70,0.9,0.49,223,495,B,1
1407,Kerala,Kollam,8.88,76.6,26.6,6.9,7.1,52,0.8,0.18,46,520,C,1
1408,Kerala,Kollam,8.88,76.6,26.8,7.2,7,830,0.8,0.16,94,654,C,1
1409,Kerala,Pathanamthitta,9.2656,76.7853,29.3,6.3,6.9,95,1.3,0.99,750,1325,C,1
1410,Kerala,Malappuram,11.041,76.083,25.4,7.2,7.4,164,0.9,0.46,1325,2225,C,1
1411,Kerala,Malappuram,11.041,76.083,25.5,6.9,7.5,231,0.8,0.55,1000,1725,C,1
1412,Kerala,Malappuram,11.041,76.083,26.6,6.5,6.9,101,1.3,0.47,468,1127,C,1
1413,Kerala,Malappuram,11.041,76.083,24.7,7.1,7.1,64,0.6,0.4,283,646,C,1
1414,Kerala,Malappuram,11.041,76.083,24.8,7.1,7.1,4600,0.6,0.35,229,538,C,1
1415,Kerala,Kasaragod,12.4997,74.987,28,7.5,7.2,52,0.6,0.15,285,900,C,1
1416,Kerala,Kasaragod,12.4997,74.987,27.4,2,6.8,265,2.4,2.3,1525,5425,F,0
1418,Kerala,Kollam,8.88,76.6,27.4,7.1,7,90,0.6,0.64,338,625,C,1
1419,Kerala,Kollam,8.88,76.6,26.5,6.1,7,248,0.8,0.66,500,1150,C,1
1420,Kerala,Kozhikode,11.2591,75.782,28.4,6,7,94,1.1,0.13,183,370,B,1
1421,Kerala,Kozhikode,11.2591,75.782,28.8,6.5,7.5,76,0.8,0.08,275,585,C,1
1422,Kerala,Kozhikode,11.2591,75.782,26.7,1.5,6.6,192,3.6,0.92,881,2978,E,0
1423,Kerala,Kozhikode,11.2591,75.782,26.4,2,6.8,79,2.4,0.2,456,1275,E,0
1424,Kerala,Kollam,8.88,76.6,26.5,7.2,7.1,52,0.6,0.15,298,687,C,1
1425,Kerala,Kozhikode,11.2591,75.782,25.5,4,7.5,25964,1.1,0.76,945,1588,C,1
1426,Kerala,Kollam,8.88,76.6,28,7.2,7.3,54,0.9,0.25,330,610,C,1
1427,Kerala,Kollam,8.88,76.6,28,0.8,7.1,1239,11.9,1.87,4250,11000,E,0
1428,Kerala,Palakkad,10.7925,76.5553,27.9,6.4,6.5,58,1.3,0.34,255,960,C,1
1429,Kerala,Palakkad,10.7925,76.5553,28.1,6.3,6.8,77,1.2,0.16,73,208,B,1
1430,Kerala,Palakkad,10.7925,76.5553,28.6,5.4,6.6,80,1.6,0.27,335,775,C,1
1431,Kerala,Malappuram,11.041,76.083,25.3,5.8,7.8,666,1,0.24,993,1650,C,1
1432,Kerala,Malappuram,11.041,76.083,28.3,6.6,7.2,12768,1.1,0.13,88,1412,C,1
1433,Kerala,Malappuram,11.041,76.083,26.1,7.7,7.2,44,1,0.28,29,148,B,1
1434,Kerala,Kozhikode,11.2591,75.782,24.3,7.1,7,27,0.4,0.11,73,218,B,1
1435,Kerala,Kozhikode,11.2591,75.782,26,7.3,7.2,59,0.6,0.19,160,465,B,1
1436,Kerala,Thiruvananthapuram,8.4875,76.9525,28.5,7.8,7.1,119,0.7,0.87,875,1725,C,1
1437,Kerala,Thiruvananthapuram,8.4875,76.9525,26.6,7.3,7.1,54,1.3,0.41,415,913,C,1
1438,Kerala,Thiruvananthapuram,8.4875,76.9525,26.8,7,6.6,104,1.5,0.49,500,1000,C,1
1439,Kerala,Thiruvananthapuram,8.4875,76.9525,28,6,7.2,92,0.7,0.38,765,1390,C,1
1440,Kerala,Thiruvananthapuram,8.4875,76.9525,26.2,6.8,6.6,48,0.5,0.44,1225,2025,C,1
1441,Kerala,Kasaragod,12.4997,74.987,28.5,5.6,7.1,20455,0.6,0.58,433,675,C,1
1442,Kerala,Kasaragod,12.4997,74.987,26.5,7,7,56,1.1,0.43,768,1725,C,1
1443,Kerala,Kasaragod,12.4997,74.987,29.3,6.7,6.9,2531,0.5,0.22,308,465,B,1
1444,Kerala,Kasaragod,12.4997,74.987,29.3,6.2,7.2,15362,0.8,0.39,830,1303,C,1
1445,Kerala,Thiruvananthapuram,8.4875,76.9525,27,7.3,7.2,62,0.8,0.95,525,985,C,1
1446,Kerala,Thiruvananthapuram,8.4875,76.9525,27.3,7.6,7.2,59,0.6,0.65,463,1163,C,1
1447,Kerala,Alappuzha,9.49,76.33,27.9,6.4,6.8,83,0.5,0.42,175,575,C,1
1448,Kerala,Alappuzha,9.49,76.33,27.8,7,6.6,50,0.6,0.75,295,578,C,1
1449,Kerala,Alappuzha,9.49,76.33,27.8,6.7,6.8,76,1.2,1.21,310,625,C,1
1450,Kerala,Alappuzha,9.49,76.33,28.3,6.7,6.6,64,0.9,1.35,428,838,C,1
1451,Kerala,Idukki,9.85,76.97,27.5,5.6,6.9,943,1.5,0.4,655,1925,C,1
1452,Kerala,Idukki,9.85,76.97,26.3,7.4,7,38,0.9,0.26,386,1196,C,1
1453,Kerala,Idukki,9.85,76.97,27,6.7,6.9,43,1,0.3,1043,2750,C,1
1454,Kerala,Idukki,9.85,76.97,27.4,7.1,7.3,48,1.5,0.36,595,1775,C,1
1455,Kerala,Idukki,9.85,76.97,27,6.2,6.8,309,1.6,0.39,1129,2725,C,1
1456,Kerala,Idukki,9.85,76.97,27.4,5.2,6.8,61,1.8,0.33,1123,2650,C,1
1457,Kerala,Idukki,9.85,76.97,27.3,6.8,6.9,995,1.1,0.24,349,1258,C,1
1458,Kerala,Kannur,11.8608,75.414,27,6.8,6.9,52,0.9,0.45,39,198,B,1
1459,Kerala,Thrissur,10.52,76.21,27.8,6.2,6.6,44,0.7,0.21,715,1630,C,1
1460,Kerala,Thrissur,10.52,76.21,28.4,4.5,6.5,77,1.1,0.34,400,2675,C,1
1461,Kerala,Kottayam,9.58,76.52,28.8,4,7,19279,0.9,0.03,98,233,C,1
1462,Kerala,Kottayam,9.58,76.52,28.8,7,7.4,69,1,0.12,230,660,C,1
1463,Kerala,Thiruvananthapuram,8.4875,76.9525,25.9,6.5,6.8,58,0.5,0.24,303,1026,C,1
1464,Kerala,Thiruvananthapuram,8.4875,76.9525,28,4.6,6.9,98,0.6,0.11,168,348,C,1
1465,Kerala,Kasaragod,12.4997,74.987,28.5,6.6,7.3,12327,0.6,0.71,1326,2210,C,1
1466,Kerala,Kollam,8.88,76.6,28.8,7.1,7,51,1,0.78,750,1700,C,1
1467,Andhra Pradesh,Visakhapatnam,17.7085,83.2438,27.6,6.2,7.5,371,1.1,1.62,3,528,C,1
1468,Andhra Pradesh,Visakhapatnam,17.7085,83.2438,27.6,6.2,7.7,316,1.3,2.41,3,312,B,1
1469,Karnataka,Uttara Kannada,14.6,74.7,28.3,7.3,7.1,241,2.9,1.17,100,185,B,1
1470,Karnataka,Uttara Kannada,14.6,74.7,27.5,7.7,7.4,121,1.4,0.64,378,1255,C,1
1471,Karnataka,Uttara Kannada,14.6,74.7,30.5,6.5,7.3,64,1,2.6,236,420,B,1
1472,Karnataka,Dakshina Kannada,12.8438,75.2479,29.5,6.9,7.4,57,1,1.28,46,409,B,1
1473,Odisha,Balasore,21.4916,86.915,22.3,7.5,8,211,1.9,0.39,3005,6858,D,0
1474,Odisha,Balasore,21.4916,86.915,22.3,7.2,8,263,3.7,0.63,6625,14725,D,0
1475,Odisha,Koraput,18.8132,82.7126,25,7,7.6,111,1.6,0.67,1081,2743,C,1
1476,Odisha,Rayagada,19.1754,83.4109,25.9,7.5,7.9,205,1.5,1,1615,3542,C,1
1477,Odisha,Rayagada,19.1754,83.4109,25.9,7.1,7.7,283,2.3,1.73,2882,6692,E,0
1478,Odisha,Rayagada,19.1754,83.4109,24.8,7.4,8,263,1.7,0.65,3113,6617,D,0
1479,Odisha,Ganjam,19.38,85.07,27.5,8.1,8,300,2.3,0.45,2272,4569,C,1
1480,Odisha,Ganjam,19.38,85.07,28,7.8,8,13103,2.1,0.59,277,739,C,1
1481,Odisha,Muniguda,19.63,83.49,25,7.4,8,207,1.5,0.53,1356,2872,C,1
1482,Odisha,Muniguda,19.63,83.49,25.8,7.2,8,198,1.4,0.57,677,1850,C,1
1488,Tamil Nadu,Tirupattur,12.5,78.6,28.4,6.3,7.6,830,1.8,0.24,738,2020,C,1
1491,Punjab,Mansa district,29.9833,75.3833,24.8,5.8,7.2,732,8.5,3.83,1089,4838,F,0
1492,Punjab,Mansa district,29.9833,75.3833,24,5.6,7.4,1322,15.3,15,16750,41500,F,0
1493,Punjab,Mohali district,30.69,76.72,25,5.4,7.3,809,10,4.2,4278,8975,F,0
1494,Punjab,Mansa district,29.9833,75.3833,23.3,5.7,7.3,1103,14.3,13.75,20250,52500,F,0
1495,Punjab,Mohali district,30.69,76.72,25.8,5.7,7.5,906,24,14.18,7863,17625,F,0
1496,Punjab,Ludhiana,30.9008,75.7721,25.8,3.5,7.4,1064,20,13.2,8000,14500,F,0
1497,Punjab,Ludhiana,30.9008,75.7721,25.8,3.2,7.6,1197,27.3,19.2,20250,40250,F,0
1498,Punjab,Mansa district,29.9833,75.3833,26,4.7,7.3,1383,32.8,16.4,14388,42875,F,0
1499,Punjab,Mansa district,29.9833,75.3833,26,4.8,7.4,1063,16,5.03,3138,8025,F,0
1500,Punjab,Sangrur,30.2506,75.8442,24.4,5.3,7.5,1532,18.3,15.8,27000,63500,F,0
1501,Punjab,Mansa district,29.9833,75.3833,23.4,5.6,7.5,1269,34.5,12.15,22000,60000,F,0
1502,Punjab,Mansa district,29.9833,75.3833,24.3,5.4,7.4,1194,22,8.3,10000,35000,F,0
1506,Rajasthan,Hanumangarh,29.6109,74.2951,28,4.8,7.9,650,3.2,0.68,6,62,D,0
1507,Rajasthan,Hanumangarh,29.6109,74.2951,32,5,7.3,390,2.8,0.14,4,20,B,1
1508,Himachal Pradesh,Sirmaur district,30.5628,77.4702,21.4,8.3,7.6,334,1,0.49,9,16,A,1
1509,Himachal Pradesh,Solan district,30.5628,77.4702,22.3,8.2,7.7,316,1.2,0.48,11,20,A,1
1511,Himachal Pradesh,Solan district,30.5628,77.4702,22.8,8.3,7.6,304,1.2,0.51,12,20,A,1
1512,Himachal Pradesh,Solan district,30.5628,77.4702,21.8,5.5,7.6,743,7.6,1.02,81,166,D,0
1513,Rajasthan,Pali,25.7898,73.3278,26.9,5.1,7.8,657,1.7,0.26,6,23,B,1
1551,Meghalaya,West Khasi Hills district,25.5625,91.2891,24.4,7.8,7.2,139,1.9,0.56,263,359,B,1
1552,Meghalaya,East Jainta hills,25.3101,92.5,21.8,6.5,3.1,489,6.1,0.52,32,47,F,0
1553,Meghalaya,East Jainta hills,25.3101,92.5,20.8,7.3,7,162,2.2,0.69,2085,2633,C,1
1554,Meghalaya,East Jainta hills,25.3101,92.5,25.2,7.8,7.1,136,1.9,0.52,303,409,B,1
1555,Meghalaya,East Khasi Hills district,25.3682,91.7539,24,7.7,7.1,205,7,0.84,303,461,D,0
1556,Mizoram,Aizawl district,23.8789,92.8976,23.4,8.1,7.1,267,1,0.11,2,12,A,1
1557,Mizoram,Aizawl district,23.8789,92.8976,23.4,8,7,278,1.1,0.11,3,18,A,1
1558,Mizoram,Lunglei district,22.8831,92.6984,23.2,6.9,7.2,268,1.1,0.11,6,37,A,1
1559,Mizoram,Lunglei district,22.8831,92.6984,23.3,6.8,7.1,286,1.3,0.11,8,29,A,1
1561,Tripura,South tripura,23.2317,91.5596,28.6,6.3,8,164,3.4,0.3,380,528,D,0
1562,Tripura,West Tripura,23.8997,91.4048,28.5,6.6,7.9,196,4.4,0.8,425,648,D,0
1563,Daman and Diu,Daman and Diu,20.7144,70.9874,29.9,5.6,7.5,15608,25,18.73,5,5,F,0
1571,Gujarat,Surat,21.1762,72.8295,26,5.1,8.1,533,3.7,0.45,3900,7500,D,0
1572,Gujarat,Surat,21.1762,72.8295,27,7.1,8,555,2,0.35,7500,15000,D,0
1573,Gujarat,Navsari,20.9491,72.9136,27,6.8,8.2,26600,3.1,0.62,9000,23000,D,0
1574,Gujarat,Navsari,20.9491,72.9136,29.3,8.1,7.6,938,8.6,0.4,22,108,D,0
1575,Gujarat,Navsari,20.9491,72.9136,28.4,6.2,7.8,7778,2.7,0.26,2880,6581,D,0
1577,Gujarat,Surat,21.1762,72.8295,28.3,3.2,7.7,885,6.3,0.51,3900,9575,E,0
1743,Mizoram,Aizawl district,23.8789,92.8976,25,8.23,7.38,143,1.55,3.55,255,360,B,1
1749,Tripura,South tripura,23.2317,91.5596,28,6.2,7.7,176,3.5,0.2,532,592,D,0
1750,Tripura,West Tripura,23.8997,91.4048,29,6.3,8,198,4.2,0.3,524,686,D,0
